duration,start_date,strt_statn,end_statn,subsc_type,zip_code,age,gender,ID
11,7/28/2011 17:26:00,34,12,C,,,,188
1,8/1/2011 10:05:00,12,12,R,'02131,58,M,2857
12,8/2/2011 10:04:00,12,11,R,'02131,58,M,3705
11,8/2/2011 14:39:00,11,32,R,'02215,27,M,3907
15,8/2/2011 23:37:00,32,21,C,,,,4161
9,8/3/2011 09:20:00,21,49,C,,,,4309
14,8/3/2011 12:14:00,49,13,C,,,,4416
14,8/4/2011 14:18:00,39,10,R,'02215,37,M,5530
19,8/4/2011 15:19:00,10,46,C,,,,5595
6,8/4/2011 16:07:00,46,50,C,,,,5654
7,8/4/2011 16:23:00,50,23,C,,,,5678
15,8/4/2011 16:33:00,23,24,C,,,,5697
20,8/4/2011 16:51:00,24,46,C,,,,5726
5,8/4/2011 17:16:00,46,52,R,'02118,52,F,5785
17,8/4/2011 17:25:00,52,31,C,,,,5801
22,8/4/2011 18:29:00,31,9,R,'02109,27,M,5904
13,8/4/2011 20:46:00,9,8,C,,,,6089
29,8/5/2011 12:51:00,37,37,C,,,,6787
109,8/6/2011 13:08:00,40,47,C,,,,8379
32,8/7/2011 02:07:00,38,32,C,,,,9502
12,8/8/2011 08:30:00,3,50,R,'02130,32,M,10158
17,8/8/2011 14:19:00,16,3,C,,,,10421
5,8/9/2011 08:12:00,3,45,R,'02472,33,M,11060
6,8/9/2011 16:38:00,45,11,R,'02472,33,M,11621
7,8/9/2011 16:50:00,11,12,R,'02155,55,M,11648
13,8/10/2011 09:40:00,12,10,R,'02130,31,F,12057
17,8/10/2011 11:40:00,10,16,R,'02130,31,F,12124
59,8/10/2011 16:14:00,16,16,C,,,,12420
6,8/10/2011 18:36:00,16,42,C,,,,12670
11,8/10/2011 20:30:00,42,32,C,,,,12817
13,8/10/2011 21:39:00,32,42,C,,,,12877
18,8/10/2011 23:25:00,42,33,C,,,,12932
8,8/12/2011 10:17:00,33,13,R,'02115,27,M,14660
8,8/12/2011 14:33:00,13,46,C,,,,15026
130,8/12/2011 14:51:00,46,52,C,,,,15043
53,8/12/2011 19:24:00,52,38,C,,,,15544
8,8/13/2011 10:51:00,38,22,C,,,,16125
40,8/13/2011 15:03:00,22,22,C,,,,16711
20,8/18/2011 16:57:00,22,45,R,'02215,27,M,22107
8,8/18/2011 18:59:00,45,46,R,'02215,26,F,22387
8,8/18/2011 19:47:00,46,16,C,,,,22486
18,8/18/2011 22:36:00,16,31,R,'02128,24,M,22671
5,8/19/2011 00:46:00,31,22,C,,,,22749
102,8/21/2011 13:53:00,22,36,C,,,,26056
8,8/21/2011 15:38:00,36,49,C,,,,26288
37,8/21/2011 19:09:00,49,3,C,,,,26650
59,8/22/2011 14:13:00,3,24,C,,,,27397
13,8/22/2011 16:14:00,24,23,R,'02113,32,F,27544
22,8/22/2011 17:19:00,23,41,R,'02135,27,M,27711
4,8/23/2011 10:27:00,36,52,C,,,,28638
6,8/23/2011 15:26:00,52,42,R,'02108,25,M,29052
5,8/23/2011 16:16:00,42,48,R,'02332,40,M,29118
6,8/23/2011 16:59:00,48,38,R,'01915,44,M,29226
14,8/24/2011 12:39:00,43,47,C,,,,30330
21,8/24/2011 13:27:00,47,35,C,,,,30411
6,8/24/2011 14:00:00,35,42,R,'02021,60,M,30458
18,8/24/2011 14:10:00,42,52,R,'02021,60,M,30477
36,8/24/2011 16:29:00,52,24,C,,,,30671
12,8/24/2011 17:11:00,24,6,R,'03062,31,M,30808
17,8/24/2011 18:10:00,6,53,R,'02115,28,M,30953
8,8/24/2011 20:45:00,53,36,R,'02116,26,F,31249
14,8/24/2011 22:47:00,36,49,C,,,,31346
5,8/25/2011 08:30:00,49,22,R,'02116,28,M,31561
8,8/25/2011 09:09:00,22,50,R,'02324,42,M,31634
22,8/25/2011 12:50:00,50,50,C,,,,31858
35,8/25/2011 14:32:00,50,39,C,,,,31972
11,8/25/2011 17:42:00,39,36,R,'02116,39,M,32243
11,8/25/2011 18:21:00,36,47,R,'02025,32,M,32303
12,8/26/2011 09:19:00,47,35,R,'02113,41,M,32755
5,8/26/2011 12:39:00,35,43,R,'02116,32,M,32989
5,8/26/2011 14:38:00,43,35,R,'02116,32,M,33178
14,8/26/2011 15:30:00,35,57,R,'02115,53,F,33261
26,8/26/2011 19:13:00,57,47,C,,,,33724
38,8/26/2011 20:34:00,47,52,C,,,,33813
15,8/26/2011 21:52:00,52,23,C,,,,33879
19,8/26/2011 22:56:00,23,22,C,,,,33956
81,8/26/2011 23:37:00,22,22,C,,,,33999
648,8/27/2011 02:54:00,22,38,C,,,,34118
21,8/29/2011 06:54:00,38,14,R,'01810,36,F,34718
4,8/29/2011 11:06:00,14,32,R,'02118,37,F,35026
8,8/29/2011 11:51:00,32,41,C,,,,35065
27,8/29/2011 13:45:00,41,39,C,,,,35209
11,8/29/2011 17:18:00,39,43,R,'02043,43,M,35628
2,8/30/2011 08:30:00,35,48,R,'02108,40,M,36359
3,8/30/2011 11:38:00,48,22,R,'02115,36,M,36569
8,8/30/2011 16:30:00,22,38,R,'01944,52,M,36957
9,8/30/2011 21:21:00,10,41,C,,,,37518
38,9/2/2011 15:52:00,41,16,R,'02215,21,M,39784
7,9/2/2011 17:38:00,16,12,R,'02119,33,F,40051
19,9/3/2011 15:30:00,12,5,C,,,,41304
8,9/3/2011 16:56:00,5,32,C,,,,41471
9,9/3/2011 17:40:00,32,36,C,,,,41535
32,9/3/2011 17:51:00,36,17,C,,,,41564
16,9/4/2011 22:54:00,16,54,C,,,,43487
32,9/5/2011 02:30:00,54,45,C,,,,43621
12,9/5/2011 14:25:00,45,45,R,'02143,37,M,44330
29,9/11/2011 18:38:00,6,52,C,,,,51368
14,9/11/2011 19:11:00,52,52,R,'02115,26,M,51432
3,9/11/2011 19:58:00,52,21,R,'02115,26,M,51472
4,9/12/2011 16:32:00,21,16,R,'02048,26,F,52473
8,9/13/2011 08:13:00,16,55,R,'02048,26,F,53249
4,9/13/2011 13:17:00,55,36,R,'02139,25,M,53598
9,9/13/2011 13:25:00,36,45,R,'02116,58,M,53612
48,9/13/2011 22:35:00,45,17,C,,,,54523
21,9/14/2011 18:21:00,17,25,R,'02116,34,M,55686
14,9/14/2011 20:07:00,25,34,C,,,,55824
30,9/15/2011 01:54:00,34,45,C,,,,56035
20,9/15/2011 02:28:00,45,13,C,,,,56041
4,9/15/2011 16:15:00,33,32,R,'02215,28,F,56791
9,9/15/2011 18:15:00,32,53,R,'02215,38,M,57059
7,9/15/2011 18:50:00,53,32,R,'02215,38,M,57124
4,9/16/2011 07:43:00,32,11,R,'02215,38,M,57445
8,9/16/2011 16:49:00,11,12,R,'02703,30,M,58367
3,9/16/2011 18:19:00,12,26,R,'02118,31,M,58631
4,9/19/2011 08:02:00,26,12,R,'02118,31,M,61859
11,9/19/2011 11:35:00,12,36,C,,,,62151
10,9/19/2011 13:20:00,36,54,R,'02476,31,M,62284
11,9/19/2011 16:19:00,54,52,R,'02120,22,M,62533
6,9/20/2011 08:52:00,24,48,C,,,,63467
8,9/20/2011 23:22:00,35,36,R,'02116,32,M,64299
13,9/21/2011 07:35:00,36,22,R,'02131,40,M,64406
6,9/21/2011 12:02:00,22,43,R,'01907,41,M,64819
13,9/21/2011 12:43:00,43,43,R,'02468,52,M,64928
64,9/21/2011 17:45:00,40,36,C,,,,65431
12,9/21/2011 19:39:00,36,32,R,'10065,31,M,65690
12,9/21/2011 23:03:00,32,32,R,'02128,29,M,65882
5,9/22/2011 08:48:00,32,14,R,'02215,31,M,66101
5,9/22/2011 18:39:00,14,45,R,'02215,31,M,66785
4,9/23/2011 06:45:00,45,14,R,'02215,31,M,67124
5,9/23/2011 09:47:00,14,45,R,'02472,33,M,67424
5,9/23/2011 12:05:00,45,3,R,'02472,33,M,67556
7,9/23/2011 19:53:00,3,10,R,'02215,24,M,67963
3,9/24/2011 08:27:00,10,9,C,,,,68069
26,9/24/2011 12:25:00,9,23,C,,,,68300
26,9/24/2011 14:49:00,23,60,R,'02115,45,M,68529
28,9/24/2011 23:20:00,60,60,C,,,,69258
6,9/26/2011 09:16:00,44,24,R,'01938,42,M,70988
5,9/26/2011 13:00:00,24,22,R,'01938,42,M,71256
7,9/27/2011 08:24:00,22,40,R,'02111,54,M,72483
9,9/27/2011 08:39:00,40,59,R,'02113,27,M,72536
307,9/27/2011 09:30:00,59,60,C,,,,72650
7,9/29/2011 09:50:00,60,49,C,,,,75783
7,9/29/2011 10:48:00,49,16,R,'02130,34,M,75822
19,9/29/2011 15:19:00,16,16,R,'02130,34,M,76032
8,9/30/2011 08:14:00,16,55,R,'02048,26,F,76693
9,9/30/2011 09:01:00,55,22,R,'02108,51,M,76818
20,9/30/2011 14:56:00,22,56,R,'02215,36,M,77305
36,9/30/2011 19:18:00,56,56,C,,,,77952
3,9/30/2011 20:19:00,56,10,C,,,,78017
2,9/30/2011 20:23:00,10,9,C,,,,78021
5,9/30/2011 21:24:00,9,56,R,'02215,19,M,78077
34,10/1/2011 14:26:00,56,10,C,,,,78576
4,10/1/2011 15:14:00,10,9,R,'20016,18,F,78679
5,10/1/2011 17:48:00,9,56,R,'02215,21,F,78982
6,10/1/2011 17:58:00,56,34,R,'02215,28,M,78990
25,10/2/2011 19:38:00,34,57,R,'02118,24,F,80116
3,10/2/2011 22:17:00,57,39,R,'02118,24,M,80225
7,10/3/2011 06:48:00,39,50,R,'02118,36,M,80313
10,10/4/2011 00:07:00,16,30,R,'02116,27,M,81506
3,10/5/2011 07:17:00,30,11,R,'02446,33,M,82569
13,10/5/2011 07:46:00,11,36,R,'02446,49,M,82612
17,10/5/2011 09:00:00,36,11,R,'02446,49,M,82817
6,10/5/2011 16:11:00,11,45,R,'02215,43,F,83268
14,10/5/2011 18:11:00,45,52,C,,,,83527
9,10/5/2011 20:47:00,52,42,C,,,,83729
104,10/6/2011 09:55:00,42,42,C,,,,84168
3,10/6/2011 13:44:00,42,36,R,'02210,20,M,84396
11,10/6/2011 19:43:00,36,5,R,'02115,23,M,84971
20,10/6/2011 20:34:00,5,41,C,,,,85009
8,10/7/2011 00:21:00,41,32,R,'02215,22,M,85094
9,10/7/2011 09:07:00,32,53,R,'02446,49,M,85411
4,10/7/2011 09:20:00,53,52,R,'02446,49,M,85427
12,10/7/2011 17:34:00,41,10,R,'02368,21,F,86255
22,10/7/2011 18:16:00,10,60,R,'02114,23,M,86380
15,10/7/2011 21:34:00,60,21,R,'02115,34,M,86613
16,10/8/2011 04:25:00,21,9,C,,,,86771
12,10/8/2011 12:11:00,9,14,C,,,,87074
6,10/8/2011 13:57:00,14,32,C,,,,87317
5,10/8/2011 15:17:00,32,11,R,'02215,35,M,87650
48,10/8/2011 17:29:00,11,11,C,,,,88056
11,10/9/2011 14:38:00,11,14,C,,,,89551
121,10/9/2011 14:51:00,14,44,C,,,,89605
15,10/10/2011 01:49:00,44,6,C,,,,90728
28,10/10/2011 08:53:00,6,47,R,'02118,39,M,90888
138,10/10/2011 11:05:00,47,20,C,,,,91050
7,10/10/2011 13:38:00,20,22,R,'02128,32,F,91382
23,10/10/2011 21:57:00,22,39,R,'02118,,F,92414
27,10/10/2011 22:51:00,39,39,C,,,,92451
14,10/11/2011 09:51:00,39,3,R,'10016,40,M,92928
5,10/11/2011 12:49:00,3,33,R,'02056,29,M,93112
2,10/11/2011 14:54:00,33,56,R,'02215,36,M,93270
10,10/12/2011 08:44:00,38,22,R,'01890,41,M,94405
9,10/14/2011 15:57:00,22,39,R,'02118,31,F,96592
5,10/15/2011 08:29:00,39,16,R,'02118,31,M,97008
34,10/15/2011 09:36:00,16,51,R,'02118,31,M,97044
5,10/15/2011 16:16:00,51,25,R,'02118,36,M,97827
28,10/15/2011 18:00:00,25,55,C,,,,97988
14,10/16/2011 02:00:00,55,49,C,,,,98341
13,10/16/2011 03:04:00,49,52,C,,,,98416
39,10/16/2011 17:29:00,52,29,C,,,,99399
15,10/18/2011 16:01:00,29,29,C,,,,101817
13,10/20/2011 12:46:00,29,29,C,,,,103282
14,10/21/2011 15:54:00,17,41,R,'02163,46,M,105125
38,10/22/2011 01:32:00,41,54,C,,,,105857
38,10/22/2011 11:43:00,54,5,C,,,,106163
9,10/22/2011 17:28:00,5,45,R,'02115,18,M,106961
14,10/22/2011 17:52:00,45,41,R,'02134,25,M,107006
13,10/23/2011 15:07:00,43,49,R,'02110,49,F,108068
5,10/24/2011 14:00:00,49,4,R,'02116,21,F,109075
18,10/24/2011 15:10:00,4,3,R,'02118,44,M,109137
9,10/25/2011 11:08:00,3,61,C,,,,110177
18,10/25/2011 15:37:00,61,33,R,'02215,26,F,110462
8,10/28/2011 16:14:00,33,14,R,'02130,31,M,112680
21,10/28/2011 18:51:00,14,5,R,'02115,19,M,112953
8,10/31/2011 13:31:00,5,32,C,,,,114028
12,11/1/2011 18:39:00,32,12,R,'02072,53,M,115492
16,11/2/2011 16:41:00,12,22,R,'02115,23,M,116355
4,11/2/2011 17:56:00,22,31,R,'02205,28,M,116534
8,11/2/2011 18:14:00,31,24,R,'02135,33,M,116568
7,11/2/2011 18:43:00,24,38,R,'01463,48,M,116605
10,11/3/2011 08:06:00,38,22,R,'01923,31,M,116893
3,11/3/2011 15:49:00,22,20,R,'02478,28,M,117404
6,11/6/2011 10:28:00,20,22,C,,,,119979
18,11/6/2011 12:58:00,22,7,R,'02111,45,F,120170
38,11/6/2011 13:19:00,7,38,R,'02111,45,F,120190
50,11/6/2011 15:17:00,38,54,C,,,,120398
6,11/7/2011 17:23:00,54,4,R,'02118,33,M,121558
12,11/8/2011 12:32:00,4,31,R,'02128,29,M,122462
3,11/8/2011 16:01:00,31,35,R,'02420,56,M,122735
7,11/8/2011 17:31:00,35,40,R,'02109,52,M,122962
8,11/8/2011 20:49:00,40,64,R,'02109,35,M,123219
13,11/9/2011 14:18:00,64,42,R,'02108,39,M,124017
7,11/9/2011 16:38:00,42,43,R,'02043,37,M,124215
6,11/9/2011 18:42:00,43,38,R,'01890,34,M,124492
5,11/10/2011 08:04:00,38,31,R,'02180,35,M,124853
6,11/11/2011 10:51:00,40,64,R,'02113,25,M,125638
169,11/12/2011 12:48:00,64,52,C,,,,126525
62,11/12/2011 16:29:00,52,23,C,,,,126920
9,11/13/2011 01:00:00,23,49,C,,,,127193
12,11/13/2011 01:54:00,49,24,C,,,,127244
25,11/13/2011 12:30:00,24,5,R,'02115,23,M,127508
8,11/13/2011 13:18:00,5,36,R,'02115,19,M,127584
46,11/13/2011 14:06:00,36,22,C,,,,127659
27,11/14/2011 01:52:00,22,30,C,,,,128048
7,11/16/2011 08:14:00,30,16,R,'02116,27,M,130582
5,11/16/2011 09:05:00,16,39,R,'01532,48,M,130712
6,11/16/2011 09:27:00,39,12,R,'02118,34,M,130736
6,11/17/2011 07:56:00,12,14,R,'02056,29,M,131186
3,11/17/2011 13:45:00,14,32,R,'02215,25,M,131565
2,11/17/2011 15:09:00,32,45,R,'02492,36,M,131615
9,11/17/2011 16:41:00,45,27,R,'02120,24,M,131647
9,11/18/2011 08:49:00,27,14,R,'02128,32,M,132012
4,11/18/2011 13:12:00,14,32,R,'02215,35,M,132220
5,11/18/2011 13:39:00,32,14,R,'02215,24,F,132236
15,11/18/2011 18:10:00,14,16,R,'02116,28,F,132549
4,11/19/2011 09:16:00,16,52,R,'02116,28,F,132769
8,11/19/2011 14:22:00,55,45,R,'02138,25,F,133033
266,11/20/2011 09:33:00,45,10,C,,,,133513
24,11/20/2011 14:55:00,10,49,C,,,,133953
33,11/20/2011 15:26:00,49,43,C,,,,134022
4,11/21/2011 22:53:00,43,40,R,'02109,27,F,135225
8,11/22/2011 08:11:00,40,22,R,'02113,26,F,135340
21,11/22/2011 11:46:00,22,38,C,,,,135547
6,11/22/2011 12:10:00,38,35,R,'01826,45,M,135588
15,11/22/2011 14:05:00,35,32,R,'02215,28,M,135703
6,11/22/2011 15:15:00,32,52,R,'02115,30,M,135746
3,11/23/2011 10:05:00,52,52,R,'02115,19,M,136064
79,11/25/2011 14:14:00,49,49,C,,,,136711
7,11/25/2011 16:26:00,49,25,C,,,,136850
4,11/26/2011 09:08:00,25,46,R,'02118,40,F,137026
25,11/26/2011 09:26:00,46,32,C,,,,137033
54,11/26/2011 10:01:00,32,32,R,'02215,38,F,137047
3,11/26/2011 12:04:00,32,11,R,'02215,38,M,137124
2,11/26/2011 14:09:00,11,32,R,'02215,38,M,137249
23,11/26/2011 14:56:00,32,33,R,'02116,58,M,137303
26,11/27/2011 14:13:00,33,18,C,,,,137794
9,4/18/2012 17:08:00,64,38,R,'01930,53,M,179250
8,4/18/2012 18:09:00,38,22,R,'02324,39,M,179455
2,4/18/2012 18:28:00,22,35,R,'02215,22,M,179506
5,4/18/2012 18:36:00,35,38,R,'01938,48,M,179533
7,4/18/2012 22:51:00,38,54,R,'02113,23,F,179812
4,4/19/2012 09:10:00,54,48,R,'02108,40,M,180245
12,4/20/2012 08:12:00,3,16,R,'02215,25,M,182017
7,4/20/2012 12:58:00,16,57,R,'02118,52,M,182537
10,4/20/2012 13:19:00,57,45,R,'02118,29,M,182585
4,4/20/2012 13:33:00,45,55,R,'02215,33,M,182606
21,4/20/2012 16:50:00,55,60,R,'02116,20,M,183008
24,4/20/2012 17:12:00,60,10,R,'02116,20,M,183101
21,4/20/2012 17:40:00,10,36,R,'02116,20,M,183219
20,4/20/2012 18:05:00,36,25,R,'02116,20,M,183309
9,4/20/2012 18:43:00,25,63,R,'02127,27,M,183452
17,4/21/2012 12:46:00,59,47,C,,,,184368
22,4/21/2012 14:12:00,47,50,C,,,,184641
237,4/21/2012 14:45:00,50,10,C,,,,184755
97,4/22/2012 11:19:00,42,42,C,,,,186269
26,4/23/2012 17:13:00,50,15,R,'02144,36,M,186805
19,4/24/2012 14:03:00,15,33,R,'02478,28,M,187843
21,4/24/2012 14:32:00,33,31,R,'02478,28,M,187864
16,4/24/2012 16:41:00,31,16,R,'02115,35,M,188038
14,4/24/2012 17:35:00,16,27,R,'02120,23,M,188215
21,4/29/2012 16:22:00,27,58,C,,,,195728
18,4/29/2012 18:07:00,58,36,R,'02111,42,M,195996
17,4/29/2012 19:18:00,36,48,R,'02114,26,M,196101
4,4/30/2012 12:01:00,54,50,R,'02116,56,M,196830
12,4/30/2012 12:08:00,50,33,R,'02144,36,M,196842
70,4/30/2012 13:09:00,33,33,R,'02215,61,F,196952
20,4/30/2012 14:29:00,33,47,R,'02478,28,M,197074
21,4/30/2012 14:51:00,47,45,C,,,,197106
8,4/30/2012 22:31:00,45,5,R,'02115,21,F,197938
4,4/30/2012 23:56:00,5,33,R,'02215,20,M,197971
16,5/1/2012 17:20:00,33,60,R,'02114,27,M,198275
8,5/1/2012 21:21:00,60,40,R,'02109,25,M,198423
7,5/2/2012 09:11:00,40,54,R,'02116,26,M,198765
9,5/2/2012 17:58:00,54,39,R,'02118,47,M,199593
14,5/3/2012 06:45:00,39,38,R,'02118,28,M,200032
8,5/3/2012 07:11:00,38,35,R,'01826,45,M,200048
2,5/3/2012 14:23:00,35,48,R,'02110,22,F,200490
9,5/3/2012 16:28:00,48,60,R,'02118,53,M,200661
11,5/3/2012 18:13:00,60,61,R,'02118,24,M,200910
1,5/3/2012 20:51:00,61,36,R,'02127,34,M,201098
7,5/3/2012 21:07:00,36,60,R,'02114,24,M,201114
3,5/4/2012 00:39:00,60,58,R,'02116,33,M,201217
18,5/4/2012 10:42:00,58,48,R,'02130,38,M,201573
4,5/4/2012 16:15:00,48,24,R,'02481,41,M,201965
3,5/4/2012 23:03:00,24,20,R,'02205,28,M,202633
9,5/5/2012 13:21:00,20,6,C,,,,203173
10,5/5/2012 15:40:00,6,64,R,'02210,29,F,203442
8,5/6/2012 13:25:00,64,40,C,,,,204532
5,5/6/2012 15:17:00,36,54,R,'02116,33,M,204731
47,5/6/2012 16:34:00,54,54,C,,,,204871
12,5/7/2012 07:51:00,54,12,R,'01902,43,F,205494
7,5/7/2012 08:12:00,12,21,R,'02131,58,M,205577
15,5/7/2012 08:34:00,21,46,C,,,,205651
6,5/7/2012 08:56:00,46,16,R,'02116,23,M,205721
6,5/7/2012 09:04:00,16,48,R,'02116,28,M,205741
3,5/7/2012 17:36:00,25,16,R,'02118,43,M,206614
3,5/7/2012 18:38:00,16,4,R,'02118,24,F,206827
10,5/7/2012 19:37:00,4,58,R,'02339,29,M,206946
5,5/8/2012 06:14:00,58,48,R,'02116,25,M,207209
7,5/8/2012 16:51:00,48,49,R,'02116,49,M,207762
5,5/9/2012 14:18:00,49,36,R,'02108,43,M,208460
7,5/9/2012 18:24:00,58,38,R,'02110,29,M,208859
8,5/10/2012 14:04:00,65,40,C,,,,209366
8,5/10/2012 15:40:00,40,65,C,,,,209463
18,5/10/2012 18:23:00,65,42,C,,,,209891
9,5/10/2012 19:06:00,42,61,R,'02127,31,M,209991
11,5/11/2012 02:21:00,61,63,R,'02127,29,M,210276
6,5/11/2012 07:24:00,63,22,R,'02127,29,F,210381
6,5/11/2012 08:54:00,22,47,R,'02043,43,M,210645
8,5/11/2012 09:14:00,47,59,R,'02113,34,M,210685
6,5/11/2012 12:02:00,59,43,R,'02066,50,M,210902
4,5/11/2012 17:08:00,43,47,R,'01833,38,M,211514
13,5/12/2012 01:51:00,23,57,R,'02118,22,M,212289
5,5/12/2012 10:02:00,57,16,R,'02118,34,M,212484
6,5/12/2012 10:11:00,16,39,R,'02118,33,M,212500
8,5/12/2012 10:26:00,39,63,R,'02118,29,M,212533
10,5/12/2012 11:26:00,63,64,C,,,,212638
80,5/12/2012 16:28:00,64,21,C,,,,213505
17,5/12/2012 18:51:00,21,45,R,'02215,34,M,213938
20,5/12/2012 21:07:00,45,42,R,'02116,25,F,214182
20,5/12/2012 23:49:00,42,40,C,,,,214364
20,5/13/2012 12:14:00,40,31,C,,,,214771
38,5/13/2012 14:48:00,43,7,C,,,,215122
20,5/13/2012 16:53:00,7,42,C,,,,215500
8,5/13/2012 17:38:00,42,44,R,'02116,36,M,215649
16,5/13/2012 17:50:00,44,36,R,'02116,36,M,215681
3,5/13/2012 18:18:00,36,16,R,'02116,26,M,215730
9,5/14/2012 08:06:00,16,23,R,'02116,28,M,216350
14,5/14/2012 08:43:00,23,10,R,'02128,30,F,216434
30,5/15/2012 12:43:00,18,18,R,'02134,28,M,218323
1,5/15/2012 13:16:00,18,29,R,'02134,28,M,218376
21,5/16/2012 15:04:00,29,18,R,'02134,28,M,219467
13,5/17/2012 14:02:00,18,18,R,'02134,28,M,221368
13,5/17/2012 20:01:00,18,18,R,'02134,28,M,222436
23,5/18/2012 15:19:00,18,42,R,'02134,28,F,223973
6,5/18/2012 16:16:00,42,43,R,'02025,40,M,224132
3,5/18/2012 17:22:00,43,22,R,'02110,50,M,224436
17,5/18/2012 17:35:00,22,61,R,'02116,23,F,224478
9,5/18/2012 22:35:00,61,60,R,'02114,25,F,225014
24,5/19/2012 00:07:00,60,52,C,,,,225075
27,5/19/2012 00:36:00,52,15,C,,,,225087
32,5/19/2012 01:46:00,15,60,C,,,,225128
7,5/19/2012 06:45:00,60,36,R,'02108,30,F,225168
3,5/19/2012 07:18:00,36,42,R,'02116,32,F,225177
10,5/19/2012 07:46:00,42,43,C,,,,225192
13,5/19/2012 07:59:00,43,38,C,,,,225198
12,5/19/2012 08:15:00,38,42,C,,,,225206
10,5/19/2012 08:30:00,42,47,C,,,,225219
10,5/19/2012 09:32:00,47,6,C,,,,225282
17,5/19/2012 14:08:00,6,31,C,,,,225906
91,5/19/2012 15:05:00,31,64,C,,,,226087
7,5/20/2012 14:29:00,64,63,R,'02127,28,F,228185
62,5/20/2012 15:57:00,63,63,R,'02115,25,F,228523
10,5/20/2012 17:41:00,63,22,R,'02127,31,M,228881
101,5/20/2012 19:28:00,22,54,C,,,,229159
13,5/20/2012 21:46:00,54,55,R,'02215,23,M,229353
2,5/21/2012 03:04:00,55,57,R,'02115,30,M,229473
12,5/21/2012 07:28:00,57,22,R,'02118,22,M,229563
8,5/21/2012 07:43:00,22,58,R,'02066,44,M,229598
7,5/21/2012 09:24:00,58,35,R,'02116,50,M,229891
30,5/21/2012 12:09:00,35,48,R,'02116,26,M,230063
2,5/21/2012 12:55:00,48,20,R,'02109,35,M,230145
7,5/21/2012 16:58:00,22,47,R,'02113,38,F,230531
9,5/21/2012 19:26:00,47,31,R,'02210,26,F,230876
26,5/21/2012 22:30:00,31,15,R,'02478,28,M,231015
26,5/23/2012 07:41:00,15,61,C,,,,231808
6,5/23/2012 09:56:00,61,21,R,'02446,49,M,232158
5,5/23/2012 16:32:00,21,4,R,'02118,24,F,232751
6,5/23/2012 18:08:00,4,63,R,'02127,24,M,233163
5,5/24/2012 07:20:00,63,22,R,'02127,29,F,233840
7,5/24/2012 07:33:00,22,20,R,'02339,51,F,233863
13,5/24/2012 08:29:00,20,36,R,'02045,39,F,234066
8,5/24/2012 18:44:00,36,4,R,'02118,30,M,235363
9,5/24/2012 19:13:00,4,46,R,'02115,53,F,235425
42,5/25/2012 15:06:00,57,61,R,'02118,54,M,236884
12,5/25/2012 16:08:00,61,60,R,'02114,32,M,237049
21,5/25/2012 17:29:00,60,17,R,'02163,27,M,237319
17,5/25/2012 17:56:00,17,37,R,'01880,49,M,237406
20,5/25/2012 18:20:00,37,9,R,'01880,49,M,237474
20,5/25/2012 18:43:00,9,42,R,'01880,49,M,237547
13,5/25/2012 19:08:00,42,54,R,'01880,49,M,237605
10,5/25/2012 19:24:00,54,60,R,'01880,49,M,237643
20,5/25/2012 20:05:00,60,10,R,'02446,51,M,237710
15,5/26/2012 13:44:00,10,60,R,'02215,27,F,238738
74,5/26/2012 14:49:00,60,60,C,,,,238943
13,5/26/2012 17:03:00,60,53,R,'02215,30,F,239381
13,5/26/2012 17:16:00,53,36,C,,,,239402
158,5/26/2012 18:01:00,36,36,C,,,,239553
24,5/26/2012 21:06:00,36,11,C,,,,239856
14,5/29/2012 08:10:00,22,12,R,'02066,45,M,245116
5,5/29/2012 08:58:00,12,3,R,'02148,39,M,245313
6,5/29/2012 18:08:00,3,33,R,'02115,35,M,246394
12,5/30/2012 05:53:00,33,41,R,'02121,39,M,246944
26,5/30/2012 08:21:00,41,65,R,'02445,45,M,247222
19,5/30/2012 09:39:00,65,44,C,,,,247424
9,5/30/2012 15:52:00,44,6,C,,,,247906
17,5/30/2012 22:00:00,6,4,R,'02114,25,M,248928
5,5/31/2012 07:44:00,4,59,R,'02118,,M,249270
5,5/31/2012 11:41:00,59,4,R,'02118,,M,249786
5,5/31/2012 13:23:00,4,59,R,'02118,,M,249972
5,5/31/2012 14:36:00,59,63,R,'01969,36,M,250098
13,5/31/2012 18:23:00,63,20,R,'02140,25,F,250848
14,5/31/2012 18:58:00,20,47,C,,,,250961
8,5/31/2012 21:17:00,47,60,R,'02140,25,F,251253
20,5/31/2012 22:55:00,60,60,R,'02134,26,M,251421
18,6/1/2012 15:56:00,60,40,R,'02109,52,M,252716
17,6/1/2012 16:49:00,40,49,C,,,,252892
11,6/1/2012 17:15:00,49,31,R,'02139,27,M,253037
7,6/1/2012 17:28:00,31,22,R,'02026,38,M,253098
6,6/1/2012 19:57:00,22,7,C,,,,253469
24,6/2/2012 16:55:00,7,48,C,,,,254010
23,6/3/2012 02:11:00,48,32,C,,,,254129
13,6/3/2012 10:42:00,32,54,R,'02116,27,F,254244
9,6/3/2012 11:38:00,54,36,R,'02111,23,M,254306
12,6/3/2012 13:57:00,36,54,R,'02111,22,M,254504
22,6/3/2012 14:26:00,54,40,R,'02109,53,F,254569
21,6/3/2012 14:54:00,40,60,R,'02113,30,M,254626
5,6/3/2012 15:47:00,60,42,R,'02114,33,M,254735
20,6/3/2012 17:05:00,42,33,C,,,,254865
10,6/3/2012 19:18:00,33,9,C,,,,255031
6,6/4/2012 10:58:00,9,32,R,'02215,21,F,255328
4,6/4/2012 11:30:00,32,14,R,'02215,35,M,255337
15,6/4/2012 18:07:00,14,8,R,'02134,25,M,255593
7,6/8/2012 13:07:00,32,36,R,'02215,44,M,262243
11,6/8/2012 13:27:00,36,32,R,'02215,44,M,262295
6,6/8/2012 14:53:00,32,33,R,'02215,25,M,262457
8,6/8/2012 16:16:00,33,32,R,'02215,25,M,262599
19,6/8/2012 18:51:00,35,17,R,'02138,27,M,262991
108,6/9/2012 10:56:00,17,60,C,,,,263601
41,6/9/2012 12:46:00,60,17,C,,,,263830
4,6/9/2012 15:37:00,17,18,R,'02163,25,M,264321
24,6/9/2012 16:43:00,18,36,R,'02116,43,M,264525
7,6/9/2012 17:46:00,36,54,C,,,,264724
22,6/9/2012 18:18:00,54,36,R,'02113,24,M,264822
28,6/9/2012 18:57:00,36,50,C,,,,264912
8,6/10/2012 00:13:00,50,25,C,,,,265366
5,6/10/2012 12:26:00,25,46,C,,,,265900
3,6/10/2012 13:52:00,46,21,R,'01970,39,M,266189
5,6/10/2012 14:13:00,21,45,C,,,,266249
107,6/10/2012 14:24:00,45,63,C,,,,266291
14,6/10/2012 17:38:00,63,57,R,'02128,34,M,266905
4,6/10/2012 18:09:00,57,52,R,'02115,23,M,266980
17,6/10/2012 18:37:00,52,4,C,,,,267053
16,6/10/2012 19:51:00,4,44,C,,,,267218
6,6/11/2012 08:37:00,44,24,R,'02129,41,M,267823
18,6/11/2012 15:36:00,24,44,C,,,,268559
3,6/11/2012 16:49:00,44,38,R,'02108,49,M,268762
15,6/12/2012 06:20:00,38,64,R,'01944,61,M,269721
6,6/12/2012 09:07:00,6,22,R,'02110,25,M,270210
12,6/12/2012 09:52:00,22,50,R,'02111,36,M,270300
35,6/12/2012 11:22:00,50,15,C,,,,270404
19,6/12/2012 13:57:00,15,60,R,'02478,28,M,270661
9,6/12/2012 14:18:00,60,48,R,'02478,28,M,270694
4,6/12/2012 14:36:00,48,6,R,'02114,27,M,270728
9,6/12/2012 15:30:00,6,22,R,'02111,30,M,270806
11,6/12/2012 16:51:00,22,6,R,'01969,36,M,271024
25,6/14/2012 08:33:00,6,38,R,'02114,25,F,273115
13,6/14/2012 08:59:00,38,42,R,'01810,33,M,273203
9,6/14/2012 16:58:00,42,33,R,'02215,26,M,274137
6,6/14/2012 18:03:00,33,52,R,'02215,31,M,274461
17,6/14/2012 18:26:00,52,9,R,'02215,31,M,274567
13,6/14/2012 18:48:00,9,61,R,'02215,22,F,274646
5,6/14/2012 19:03:00,61,49,R,'01907,25,M,274686
13,6/14/2012 19:49:00,49,52,C,,,,274802
3,6/14/2012 21:56:00,52,36,R,'02481,57,M,275002
13,6/14/2012 22:35:00,36,6,C,,,,275037
6,6/14/2012 23:10:00,6,54,C,,,,275068
6,6/14/2012 23:19:00,54,6,R,'02114,30,M,275078
8,6/15/2012 01:21:00,6,38,R,'02171,40,M,275147
9,6/15/2012 07:30:00,38,50,R,'01984,40,M,275288
6,6/15/2012 13:15:00,50,61,R,'02119,48,M,276050
16,6/15/2012 14:29:00,61,23,R,'02118,35,M,276215
3,6/15/2012 17:52:00,23,47,R,'02113,25,M,276920
7,6/15/2012 18:19:00,47,22,C,,,,277033
7,6/15/2012 18:28:00,22,47,R,'02111,31,F,277061
5,6/15/2012 18:39:00,47,22,R,'02113,46,M,277092
4,6/15/2012 19:41:00,22,20,R,'02113,27,M,277290
19,6/16/2012 17:28:00,31,38,R,'02116,20,M,278790
26,6/16/2012 23:10:00,38,41,R,'02116,20,M,279128
22,6/16/2012 23:40:00,41,4,R,'02116,20,M,279141
16,6/17/2012 11:13:00,4,39,R,'02116,26,M,279536
5,6/17/2012 13:19:00,39,4,R,'02116,26,M,279796
4,6/17/2012 14:40:00,4,39,R,'02116,26,M,280039
17,6/17/2012 16:33:00,39,45,C,,,,280379
8,6/17/2012 17:36:00,45,61,C,,,,280536
41,6/17/2012 19:32:00,61,44,C,,,,280805
25,6/17/2012 20:57:00,44,54,C,,,,280907
6,6/17/2012 22:40:00,54,20,R,'02109,26,F,280959
35,6/18/2012 08:55:00,20,40,C,,,,281420
6,6/18/2012 10:24:00,40,23,R,'02116,26,M,281587
5,6/18/2012 10:38:00,23,58,R,'02116,26,M,281607
214,6/18/2012 10:56:00,58,58,C,,,,281632
32,6/18/2012 15:28:00,58,36,C,,,,282147
19,6/18/2012 17:06:00,36,59,C,,,,282427
14,6/18/2012 18:00:00,59,52,R,'02130,33,M,282715
11,6/18/2012 19:52:00,52,60,R,'02114,27,M,283085
4,6/19/2012 07:35:00,60,49,R,'02139,27,M,283541
14,6/19/2012 08:52:00,49,20,C,,,,283896
8,6/19/2012 11:52:00,20,44,C,,,,284152
17,6/19/2012 16:58:00,44,57,R,'02118,59,M,284728
11,6/20/2012 07:58:00,57,22,R,'02118,38,M,285939
3,6/20/2012 08:33:00,22,43,R,'01760,29,M,286077
4,6/20/2012 17:18:00,35,44,R,'01923,43,M,286973
6,6/20/2012 17:58:00,44,59,R,'02118,41,M,287145
4,6/20/2012 18:15:00,59,4,R,'02116,37,M,287192
7,6/21/2012 06:06:00,4,22,R,'02118,34,M,287805
4,6/21/2012 06:43:00,22,43,R,'01760,37,F,287834
5,6/21/2012 06:58:00,43,22,R,'02113,32,M,287849
6,6/21/2012 07:53:00,22,31,R,'02048,52,M,287954
12,6/21/2012 08:12:00,31,47,R,'02110,54,M,288019
16,6/21/2012 08:25:00,47,39,R,'02118,25,M,288067
14,6/21/2012 08:43:00,39,23,R,'02118,36,M,288147
15,6/21/2012 11:06:00,23,55,R,'02115,25,F,288360
10,6/21/2012 12:54:00,55,6,R,'02115,25,F,288470
13,6/21/2012 13:10:00,6,21,R,'02116,31,F,288481
4,6/21/2012 17:02:00,21,36,R,'02115,46,F,288838
10,6/21/2012 17:29:00,36,63,R,'02127,40,M,288954
12,6/22/2012 08:23:00,63,20,R,'02205,46,F,289959
3,6/22/2012 09:03:00,20,22,R,'02152,32,M,290088
7,6/22/2012 09:39:00,22,44,R,'02124,30,F,290150
61,6/22/2012 11:28:00,44,44,C,,,,290259
6,6/22/2012 15:03:00,44,6,R,'02114,24,M,290628
9,6/22/2012 18:12:00,6,53,R,'02114,28,M,291123
12,6/22/2012 21:16:00,53,39,R,'02118,33,M,291237
4,6/23/2012 13:16:00,39,4,R,'02120,21,M,291997
3,6/23/2012 13:29:00,4,25,R,'02120,21,M,292032
5,6/23/2012 13:41:00,25,36,C,,,,292046
17,6/23/2012 14:49:00,36,47,C,,,,292247
8,6/23/2012 15:55:00,47,38,C,,,,292421
18,6/23/2012 16:08:00,38,60,C,,,,292446
50,6/23/2012 16:33:00,60,21,C,,,,292502
10,6/23/2012 20:58:00,14,52,C,,,,292761
14,6/28/2012 15:02:00,60,33,R,'02114,31,M,302031
60,6/29/2012 21:39:00,47,20,C,,,,305069
36,6/30/2012 11:52:00,20,20,C,,,,305680
7,6/30/2012 14:17:00,20,40,C,,,,306006
3,6/30/2012 15:48:00,40,20,R,'02113,25,F,306246
11,6/30/2012 15:55:00,20,23,R,'02118,29,M,306255
21,6/30/2012 18:26:00,17,58,R,'02127,27,M,306615
23,6/30/2012 18:48:00,58,50,C,,,,306653
36,6/30/2012 23:07:00,50,44,C,,,,307073
25,7/1/2012 15:27:00,44,36,C,,,,308200
22,7/1/2012 17:12:00,36,33,C,,,,308487
21,7/1/2012 18:06:00,58,38,C,,,,308610
8,7/1/2012 19:54:00,20,31,C,,,,308875
19,7/2/2012 10:08:00,39,39,R,'02118,24,M,309775
110,7/2/2012 14:29:00,61,61,C,,,,310257
8,7/2/2012 17:52:00,61,54,R,'02215,25,M,310913
25,7/2/2012 18:13:00,54,36,C,,,,311012
13,7/2/2012 19:00:00,36,38,R,'02155,36,M,311166
27,7/2/2012 21:16:00,10,38,R,'01742,54,F,311399
24,7/2/2012 20:46:00,38,10,R,'01742,54,F,311404
11,7/3/2012 07:25:00,22,21,R,'02122,37,M,311712
7,7/3/2012 08:17:00,21,34,R,'02116,31,M,311890
5,7/3/2012 16:02:00,34,21,R,'02116,31,M,313022
10,7/3/2012 16:58:00,21,22,R,'02122,37,M,313230
5,7/3/2012 21:07:00,22,63,R,'02130,33,M,313957
8,7/4/2012 10:34:00,63,49,R,'02127,27,M,314392
4,7/4/2012 11:40:00,49,59,R,'02116,33,M,314534
25,7/4/2012 12:43:00,59,48,C,,,,314718
27,7/4/2012 13:11:00,48,60,C,,,,314823
26,7/4/2012 13:41:00,60,9,C,,,,314953
19,7/4/2012 14:11:00,9,15,C,,,,315097
24,7/4/2012 14:34:00,15,15,C,,,,315191
23,7/4/2012 16:42:00,15,15,C,,,,315676
30,7/5/2012 13:11:00,15,62,C,,,,317617
5,7/6/2012 08:39:00,57,50,R,'02118,22,M,319450
13,7/6/2012 11:46:00,50,20,C,,,,319795
6,7/6/2012 12:48:00,20,7,R,'02128,34,M,319959
11,7/6/2012 15:30:00,7,38,R,'01969,59,M,320384
4,7/6/2012 19:49:00,60,49,R,'02110,25,M,321201
12,7/6/2012 20:19:00,49,63,R,'02324,25,M,321250
133,7/7/2012 16:19:00,7,47,C,,,,322589
20,7/7/2012 22:21:00,58,38,R,'02113,26,M,323319
4,7/7/2012 22:58:00,38,23,R,'02118,26,M,323356
6,7/7/2012 23:38:00,23,40,R,'02110,22,F,323400
94,7/8/2012 12:13:00,40,47,C,,,,323895
5,7/8/2012 14:58:00,47,20,C,,,,324369
15,7/8/2012 15:18:00,20,47,C,,,,324441
21,7/8/2012 15:58:00,47,45,R,'02113,25,M,324554
5,7/9/2012 07:22:00,22,20,R,'02171,53,F,325576
3,7/9/2012 07:41:00,20,35,R,'02113,36,M,325629
8,7/9/2012 08:31:00,35,63,R,'02110,34,M,325844
4,7/9/2012 10:15:00,63,64,R,'02127,33,M,326087
85,7/9/2012 11:46:00,40,24,C,,,,326202
7,7/9/2012 15:18:00,24,20,R,'02045,40,M,326609
10,7/9/2012 17:19:00,24,38,R,'02114,52,M,327052
7,7/9/2012 18:11:00,38,48,R,'02210,31,M,327344
15,7/9/2012 18:37:00,48,13,R,'02118,56,M,327461
8,7/10/2012 17:43:00,7,20,C,,,,329782
23,7/10/2012 18:15:00,20,59,C,,,,329941
11,7/10/2012 18:45:00,59,60,R,'02141,40,M,330071
62,7/10/2012 19:09:00,60,60,C,,,,330143
11,7/10/2012 20:14:00,60,26,R,'02118,32,M,330334
5,7/10/2012 20:27:00,26,16,R,'02116,38,M,330377
15,7/11/2012 06:45:00,16,60,R,'02116,23,F,330743
16,7/11/2012 10:33:00,60,53,R,'01880,48,F,331415
18,7/11/2012 10:53:00,53,17,R,'01880,48,F,331441
24,7/11/2012 11:15:00,17,58,C,,,,331468
16,7/11/2012 11:44:00,58,24,C,,,,331514
5,7/11/2012 17:22:00,24,40,C,,,,332326
15,7/11/2012 17:40:00,40,4,R,'02118,25,F,332435
15,7/11/2012 18:31:00,52,22,R,'02453,32,M,332641
15,7/11/2012 18:49:00,22,7,R,'02453,32,M,332708
19,7/11/2012 19:07:00,7,44,R,'02453,32,M,332758
10,7/12/2012 18:17:00,12,53,R,'02215,49,M,335100
17,7/12/2012 20:40:00,53,4,R,'02215,60,M,335506
6,7/13/2012 08:13:00,4,59,R,'02118,35,M,336088
17,7/13/2012 10:01:00,59,43,C,,,,336413
28,7/13/2012 11:17:00,43,43,C,,,,336512
20,7/13/2012 17:23:00,43,47,C,,,,337399
21,7/13/2012 19:12:00,47,22,C,,,,337767
6,7/13/2012 20:44:00,22,7,R,'02210,27,M,337987
3,7/13/2012 20:58:00,7,31,R,'02210,27,M,338010
17,7/13/2012 21:26:00,31,54,C,,,,338050
29,7/13/2012 23:14:00,54,57,R,'02118,38,M,338167
6,7/14/2012 07:29:00,57,50,C,,,,338326
12,7/14/2012 09:36:00,50,33,C,,,,338444
11,7/14/2012 19:04:00,7,40,R,'02461,45,M,339931
12,7/15/2012 09:29:00,47,16,R,'02113,32,F,340435
3,7/15/2012 10:12:00,16,42,R,'02118,54,M,340486
9,7/15/2012 10:27:00,42,42,R,'02116,28,M,340511
9,7/15/2012 11:29:00,42,33,R,'02111,24,F,340627
5,7/15/2012 15:02:00,33,32,C,,,,341165
11,7/15/2012 18:27:00,42,57,R,'02120,33,M,341636
2,7/16/2012 07:12:00,57,46,C,,,,342075
10,7/16/2012 09:20:00,46,12,R,'02115,21,M,342516
6,7/16/2012 10:02:00,12,14,R,'01821,30,M,342580
23,7/16/2012 15:41:00,14,38,R,'01890,38,F,343057
25,7/16/2012 16:56:00,38,33,R,'02215,,M,343267
9,7/16/2012 18:16:00,33,34,R,'02446,24,M,343705
16,7/16/2012 22:04:00,34,58,R,'02108,29,F,344199
11,7/16/2012 22:54:00,58,10,R,'02446,22,F,344240
5,7/17/2012 00:24:00,10,41,R,'02134,24,M,344266
7,7/17/2012 08:49:00,41,10,R,'02215,20,F,344738
5,7/17/2012 13:45:00,10,9,R,'02215,22,F,345188
2,7/17/2012 19:33:00,9,41,R,'02135,29,M,346122
14,7/18/2012 07:20:00,41,21,R,'02118,26,M,346616
10,7/18/2012 08:40:00,21,59,R,'02129,27,M,346918
5,7/18/2012 10:58:00,49,60,R,'02111,22,F,347190
13,7/18/2012 23:33:00,60,36,C,,,,348090
4,7/19/2012 00:17:00,36,61,R,'02116,66,M,348109
61,7/19/2012 16:35:00,61,61,C,,,,349549
5,7/19/2012 19:24:00,61,53,R,'02115,27,M,350344
4,7/19/2012 19:41:00,53,52,R,'02116,41,F,350395
16,7/19/2012 19:57:00,52,34,C,,,,350427
5,7/20/2012 16:03:00,23,38,R,'01810,72,M,352214
28,7/21/2012 14:41:00,38,36,C,,,,354286
35,7/21/2012 15:13:00,36,15,C,,,,354423
31,7/21/2012 16:40:00,15,61,R,'02113,30,M,354812
18,7/21/2012 17:17:00,61,54,C,,,,354938
7,7/21/2012 17:41:00,54,47,C,,,,355010
54,7/21/2012 19:49:00,47,47,C,,,,355344
7,7/21/2012 21:01:00,47,22,R,'02111,22,M,355499
13,7/21/2012 21:21:00,22,36,R,'02116,27,F,355526
11,7/21/2012 22:21:00,36,54,C,,,,355623
20,7/22/2012 02:15:00,54,11,R,'02445,23,F,355873
15,7/22/2012 15:16:00,11,36,R,'02446,31,M,356866
18,7/22/2012 17:10:00,36,41,R,'02135,23,M,357172
197,7/22/2012 22:56:00,41,41,C,,,,357868
6,7/23/2012 08:47:00,41,10,R,'02215,20,F,358336
13,7/23/2012 09:50:00,10,15,R,'02215,36,F,358512
1712,7/25/2012 10:14:00,55,22,C,,,,362967
7,7/26/2012 16:56:00,22,20,R,'02045,50,M,366168
4,7/26/2012 17:37:00,20,38,R,'01890,42,M,366375
16,7/27/2012 08:32:00,38,42,R,'03051,55,M,367278
6,7/27/2012 10:49:00,42,22,R,'02445,45,F,367581
2,7/27/2012 11:50:00,22,64,R,'02453,30,F,367665
23,7/27/2012 14:02:00,64,64,R,'02155,27,M,367957
6,7/27/2012 17:15:00,64,40,R,'02113,44,F,368427
8,7/27/2012 17:52:00,40,22,C,,,,368574
10,7/27/2012 18:07:00,22,50,R,'02116,23,F,368642
8,7/27/2012 19:40:00,50,22,C,,,,368851
7,7/27/2012 21:04:00,22,49,R,'02453,30,F,368951
18,7/28/2012 02:50:00,49,56,C,,,,369175
23,7/28/2012 11:58:00,56,3,C,,,,369612
4,7/29/2012 06:45:00,3,30,R,'02215,30,F,370653
5,7/29/2012 15:28:00,30,3,R,'02215,30,F,371444
10,7/29/2012 16:53:00,3,41,R,'02134,22,F,371668
11,7/29/2012 17:15:00,41,45,R,'02215,22,M,371714
14,7/29/2012 17:27:00,45,26,R,'02118,52,M,371738
8,7/29/2012 19:16:00,26,21,R,'02118,51,M,371955
17,7/29/2012 21:41:00,21,44,R,'02478,27,M,372108
11,7/30/2012 07:45:00,44,16,R,'02155,36,M,372431
14,7/30/2012 08:38:00,16,43,R,'02110,33,M,372641
46,7/30/2012 16:38:00,43,52,C,,,,373705
5,7/30/2012 20:53:00,52,25,R,'02118,25,M,374722
4,7/31/2012 08:06:00,25,46,R,'02118,27,M,375291
7,7/31/2012 08:25:00,46,39,R,'02118,23,F,375379
16,7/31/2012 08:36:00,39,31,R,'02118,38,M,375438
14,7/31/2012 10:55:00,31,20,C,,,,375742
10,7/31/2012 12:50:00,20,22,C,,,,375948
11,7/31/2012 15:34:00,22,26,R,'02139,24,M,376288
19,7/31/2012 16:08:00,26,38,R,'01474,41,M,376400
10,8/1/2012 09:11:00,38,43,R,'01915,60,M,377778
5,8/1/2012 17:28:00,43,38,R,'01890,33,M,378620
6,8/2/2012 06:30:00,38,64,R,'01982,35,M,379303
9,8/2/2012 07:44:00,38,64,R,'01852,25,M,379457
3,8/2/2012 08:07:00,64,43,R,'02135,31,M,379532
11,8/2/2012 08:48:00,43,50,C,,,,379721
71,8/2/2012 16:22:00,50,24,C,,,,380669
3,8/2/2012 20:01:00,24,43,C,,,,381559
9,8/3/2012 07:10:00,43,50,R,'02025,41,M,382102
4,8/3/2012 08:30:00,50,35,R,'02116,26,M,382350
44,8/3/2012 11:53:00,35,35,R,'02116,26,M,382707
20,8/3/2012 12:42:00,35,32,C,,,,382803
18,8/3/2012 13:46:00,32,14,C,,,,382938
22,8/3/2012 14:31:00,14,22,R,'01890,38,F,383012
18,8/14/2012 18:48:00,72,81,R,'02115,27,M,412639
3,8/14/2012 20:04:00,81,59,C,,,,412910
13,8/15/2012 11:39:00,59,57,C,,,,413766
11,8/15/2012 11:53:00,57,11,R,'02139,26,F,413786
19,8/15/2012 14:59:00,11,38,R,'01867,46,F,414176
18,8/15/2012 15:29:00,38,61,R,'02114,23,M,414247
15,8/15/2012 17:09:00,61,38,R,'01930,40,M,414587
27,8/16/2012 12:24:00,74,58,C,,,,416618
4,8/16/2012 16:46:00,58,36,R,'02108,28,F,417347
4,8/16/2012 17:52:00,48,54,R,'02446,43,M,417750
26,8/16/2012 18:18:00,54,51,R,'02118,51,M,417896
8,8/17/2012 09:33:00,51,13,R,'01701,49,M,419421
6,8/17/2012 09:43:00,13,26,R,'02118,31,M,419445
9,8/17/2012 14:53:00,26,23,R,'02118,32,F,420197
33,8/17/2012 18:22:00,23,66,R,'02134,50,M,421069
7,8/19/2012 00:39:00,65,43,C,,,,423593
14,8/19/2012 01:05:00,43,57,R,'02115,22,M,423614
8,8/19/2012 11:11:00,57,33,C,,,,424021
21,8/19/2012 11:59:00,33,60,R,'02026,58,M,424195
5,8/19/2012 13:56:00,50,52,C,,,,424664
63,8/19/2012 14:54:00,52,40,C,,,,424919
9,8/20/2012 08:00:00,20,42,R,'01970,45,M,426552
9,8/20/2012 10:03:00,42,54,C,,,,426996
23,8/20/2012 11:59:00,54,36,C,,,,427215
67,8/20/2012 12:39:00,36,20,C,,,,427305
6,8/20/2012 15:30:00,20,47,C,,,,427668
8,8/20/2012 16:36:00,47,38,C,,,,427892
16,8/20/2012 17:09:00,38,65,R,'02124,27,M,428076
26,8/20/2012 18:21:00,65,21,C,,,,428503
7,8/20/2012 18:52:00,21,34,R,'02446,56,M,428667
10,8/21/2012 08:55:00,34,86,R,'02140,25,M,429729
7,8/22/2012 09:34:00,32,36,R,'02215,44,M,433104
12,8/22/2012 13:16:00,36,86,R,'02155,36,M,433587
16,8/22/2012 13:45:00,86,33,C,,,,433676
34,8/22/2012 16:42:00,33,38,C,,,,434207
15,8/22/2012 17:22:00,38,20,C,,,,434470
23,8/22/2012 18:07:00,20,20,R,'02151,37,M,434756
10,8/22/2012 20:57:00,35,44,C,,,,435322
6,8/22/2012 21:46:00,44,54,R,'02111,23,M,435427
13,8/22/2012 22:19:00,54,61,R,'02115,31,M,435476
9,8/23/2012 07:41:00,61,39,R,'02199,32,M,435858
4,8/23/2012 08:13:00,39,16,R,'02118,24,M,436005
3,8/23/2012 08:52:00,16,21,R,'02176,37,M,436223
7,8/23/2012 09:04:00,21,3,R,'02115,34,M,436274
5,8/23/2012 13:04:00,3,12,R,'02139,31,M,436787
6,8/23/2012 21:20:00,12,30,R,'02115,21,M,438450
17,8/23/2012 23:10:00,30,12,R,'02115,21,M,438604
25,8/23/2012 23:36:00,12,12,C,,,,438633
12,8/24/2012 09:11:00,12,10,R,'02130,31,F,439256
29,8/29/2012 17:40:00,23,82,R,'02445,32,F,455215
19,8/31/2012 08:54:00,82,37,R,'02445,35,M,459704
23,8/31/2012 14:52:00,37,55,C,,,,460627
15,8/31/2012 16:28:00,55,42,C,,,,460958
10,8/31/2012 16:47:00,42,36,C,,,,461054
10,8/31/2012 17:00:00,36,43,R,'02025,32,M,461114
4,8/31/2012 18:01:00,43,47,R,'02113,27,M,461368
16,9/1/2012 10:26:00,47,75,R,'02113,21,M,462507
12,9/1/2012 14:00:00,75,52,R,'02114,32,M,463224
10,9/1/2012 15:46:00,52,9,R,'02115,30,M,463660
6,9/1/2012 22:52:00,75,91,R,'02139,25,M,464823
13,9/2/2012 10:29:00,91,91,R,'02139,34,M,465216
32,9/2/2012 12:40:00,91,46,R,'02115,31,M,465687
34,9/2/2012 13:37:00,46,24,C,,,,465961
38,9/2/2012 14:39:00,24,54,C,,,,466290
8,9/2/2012 16:14:00,54,26,R,'02118,26,F,466774
9,9/2/2012 16:39:00,26,63,C,,,,466889
23,9/3/2012 15:30:00,24,42,C,,,,469612
8,9/3/2012 12:35:00,63,24,R,'02127,40,F,469924
10,9/4/2012 06:21:00,38,42,R,'01915,54,M,470866
6,9/4/2012 07:08:00,42,52,R,'02115,52,M,470906
16,9/4/2012 07:54:00,52,48,R,'02115,32,M,471002
30,9/5/2012 15:05:00,,26,R,'20912,23,M,473121
16,9/5/2012 23:59:00,52,22,R,'02215,30,F,474502
7,9/6/2012 07:38:00,22,40,R,'02110,58,M,474729
11,9/6/2012 08:11:00,40,22,R,'02127,35,F,474873
5,9/6/2012 08:28:00,22,7,R,'02476,47,F,474973
23,9/6/2012 13:37:00,7,7,R,'02134,39,M,475796
16,9/6/2012 17:23:00,7,60,R,'02134,39,M,476567
19,9/6/2012 18:06:00,60,60,R,'02446,34,F,476832
7,9/7/2012 08:12:00,60,42,R,'02474,39,M,478084
5,9/7/2012 08:26:00,42,35,R,'02108,64,M,478155
7,9/7/2012 08:49:00,35,63,R,'02110,34,M,478291
11,9/7/2012 15:02:00,63,25,R,'02118,34,M,479272
3,9/7/2012 15:28:00,25,26,R,'02125,31,F,479341
4,9/7/2012 15:41:00,26,25,R,'02125,31,F,479387
3,9/7/2012 15:56:00,25,21,R,'02115,24,F,479427
9,9/7/2012 16:45:00,21,22,R,'02364,33,M,479613
8,9/7/2012 17:05:00,22,26,C,,,,479757
5,9/7/2012 17:25:00,26,13,R,'02108,28,M,479904
19,9/7/2012 17:39:00,13,75,R,'02138,24,M,479990
9,9/7/2012 18:00:00,75,73,R,'02138,24,M,480111
8,9/7/2012 19:46:00,73,68,R,'02113,21,M,480307
9,9/8/2012 00:03:00,68,72,R,'02142,24,M,480588
16,9/8/2012 01:30:00,72,19,R,'01453,23,M,480658
4,9/8/2012 07:58:00,19,34,R,'02141,24,M,480812
1,9/8/2012 09:14:00,34,32,R,'02141,24,M,480889
4,9/8/2012 09:40:00,32,14,R,'02141,24,M,480925
12,9/8/2012 10:29:00,14,75,R,'02141,24,M,481012
3,9/8/2012 11:17:00,75,76,R,'02215,25,M,481141
7,9/8/2012 11:32:00,76,74,R,'02139,25,M,481180
8,9/8/2012 12:15:00,74,76,R,'02139,25,M,481303
3,9/8/2012 12:47:00,76,75,R,'02215,25,M,481435
11,9/8/2012 13:09:00,75,23,R,'02116,24,M,481530
19,9/8/2012 13:31:00,23,6,C,,,,481610
10,9/9/2012 08:36:00,6,43,R,'02110,47,M,483152
19,9/9/2012 12:29:00,43,61,R,'02116,65,M,483671
18,9/9/2012 15:05:00,61,69,R,'02446,25,M,484191
7,9/9/2012 16:51:00,69,66,R,'02134,24,M,484611
139,9/9/2012 17:24:00,66,52,C,,,,484755
5,9/9/2012 20:05:00,52,58,R,'02116,27,M,485240
50,9/9/2012 20:51:00,58,75,C,,,,485305
13,9/10/2012 07:29:00,75,49,R,'02139,27,M,485664
9,9/10/2012 07:48:00,49,44,R,'02116,48,M,485744
8,9/10/2012 08:00:00,44,36,R,'02155,36,M,485804
9,9/10/2012 14:15:00,64,54,R,'02134,22,F,486782
16,9/10/2012 16:16:00,54,45,R,'02215,29,M,487050
2,9/10/2012 16:42:00,45,34,R,'02115,32,M,487150
5,9/11/2012 08:50:00,34,14,R,'01460,45,M,488948
6,9/11/2012 11:36:00,66,41,C,,,,489343
8,9/11/2012 12:19:00,41,62,R,'02134,26,F,489468
11,9/11/2012 16:51:00,62,61,R,'02116,32,M,490300
12,9/11/2012 17:05:00,61,38,R,'01944,50,M,490378
28,9/11/2012 18:35:00,64,84,R,'02142,58,F,490983
9,9/11/2012 19:35:00,84,20,R,'02109,28,M,491226
7,9/11/2012 20:05:00,20,24,C,,,,491309
5,9/11/2012 21:03:00,24,22,R,'02114,31,M,491460
6,9/11/2012 22:15:00,22,40,R,'02127,35,F,491572
3,9/12/2012 08:05:00,40,20,R,'02111,23,M,492071
20,9/12/2012 08:35:00,20,10,R,'02045,35,M,492277
3,9/12/2012 18:01:00,10,9,R,'02135,20,M,494156
19,9/12/2012 18:28:00,9,52,C,,,,494298
10,9/12/2012 19:05:00,52,58,C,,,,494472
6,9/12/2012 19:40:00,58,36,R,'02116,54,M,494613
5,9/12/2012 19:48:00,36,55,C,,,,494637
26,9/12/2012 20:25:00,55,10,C,,,,494738
9,9/12/2012 20:54:00,10,41,C,,,,494804
3,9/12/2012 21:36:00,41,9,R,'02127,21,M,494884
17,9/13/2012 00:08:00,9,97,C,,,,495075
2,9/13/2012 13:59:00,97,87,R,'02478,28,M,496556
10,9/13/2012 14:03:00,87,95,R,'02478,28,M,496567
11,9/13/2012 14:15:00,95,98,R,'02478,28,M,496592
3,9/13/2012 14:28:00,98,94,R,'02478,28,M,496621
10,9/13/2012 14:33:00,94,48,R,'02478,28,M,496627
5,9/13/2012 15:35:00,48,38,R,'01742,47,M,496772
9,9/14/2012 07:44:00,38,43,R,'02110,56,M,498870
15,9/14/2012 08:26:00,43,61,C,,,,499112
8,9/14/2012 08:55:00,61,35,R,'02116,28,M,499311
8,9/14/2012 16:58:00,35,26,R,'02118,27,M,500903
4,9/14/2012 17:19:00,26,25,R,'02118,31,M,501064
3,9/16/2012 11:59:00,49,42,C,,,,505844
9,9/17/2012 16:30:00,42,38,R,'01915,54,M,509824
3,9/17/2012 17:34:00,64,43,R,'02129,23,M,510223
19,9/17/2012 17:39:00,43,68,C,,,,510259
13,9/17/2012 18:10:00,68,5,R,'02115,21,M,510443
24,9/17/2012 19:05:00,5,23,R,'02128,34,M,510711
9,9/17/2012 21:19:00,23,16,R,'02116,28,M,511057
11,9/18/2012 06:53:00,16,80,R,'02110,47,M,511332
8,9/18/2012 16:32:00,32,55,R,'02115,19,M,512889
4,9/18/2012 17:40:00,55,45,R,'02215,31,F,513211
10,9/18/2012 20:10:00,91,46,R,'02120,22,M,513712
13,9/19/2012 08:39:00,21,81,R,'02115,36,M,514395
10,9/19/2012 08:53:00,81,24,R,'02127,34,M,514490
3,9/19/2012 17:09:00,24,43,R,'02128,27,F,515840
22,9/19/2012 20:58:00,43,9,R,'02135,30,M,516845
8,9/19/2012 21:23:00,9,33,R,'02215,19,F,516900
14,9/19/2012 22:48:00,33,19,R,'02446,24,M,517009
13,9/20/2012 15:30:00,19,42,R,'02446,37,F,518720
13,9/20/2012 16:08:00,42,38,R,'01915,54,M,518829
6,9/20/2012 17:53:00,35,48,R,'02113,27,M,519385
21,9/20/2012 18:07:00,48,69,R,'02446,43,M,519461
21,9/21/2012 06:56:00,69,13,C,,,,520385
7,9/21/2012 12:12:00,49,64,R,'02112,35,M,521316
3,9/21/2012 12:27:00,64,59,R,'01730,53,M,521358
5,9/22/2012 08:27:00,59,26,R,'02111,37,M,523626
17,9/24/2012 09:55:00,26,14,R,'02118,28,M,529851
10,9/24/2012 10:21:00,14,69,R,'12401,29,M,529912
13,9/24/2012 11:30:00,69,30,R,'02113,40,M,530034
28,9/24/2012 12:11:00,30,51,C,,,,530138
12,9/30/2012 13:55:00,51,14,R,'02118,28,M,545010
2,9/30/2012 18:11:00,14,30,R,'02461,50,M,545411
13,10/1/2012 17:00:00,17,87,R,'02134,,M,547581
14,10/1/2012 18:08:00,87,75,R,'02134,,M,548046
15,10/2/2012 14:11:00,90,48,R,'02478,,M,550136
8,10/2/2012 17:04:00,48,63,R,'02043,,M,550401
11,10/3/2012 07:53:00,63,49,R,'02171,,M,551396
15,10/3/2012 10:03:00,49,83,R,'02171,,M,551962
14,10/5/2012 15:30:00,83,4,R,'02118,,M,557983
21,10/5/2012 17:38:00,50,94,C,,,,558760
13,10/6/2012 09:43:00,94,91,C,,,,560083
7,10/6/2012 11:16:00,91,90,R,'02140,,M,560292
4,10/7/2012 00:28:00,90,95,R,'02139,,F,562515
10,10/7/2012 10:50:00,95,80,R,'02139,,F,562921
42,10/7/2012 11:26:00,80,99,C,,,,563017
17,10/7/2012 14:46:00,99,57,R,'02118,,M,563721
4,10/7/2012 15:20:00,57,16,R,'02118,,M,563837
9,10/7/2012 16:18:00,16,51,R,'02118,,M,563970
7,10/8/2012 09:48:00,51,27,R,'02118,,M,564853
4,10/8/2012 14:42:00,27,12,R,'02120,,M,565628
25,10/8/2012 14:58:00,12,89,C,,,,565685
8,10/8/2012 16:48:00,89,74,C,,,,566008
10,10/8/2012 18:20:00,74,17,C,,,,566388
5,10/10/2012 15:22:00,17,74,C,,,,570320
11,10/10/2012 18:44:00,74,71,R,'02210,,M,570739
25,10/12/2012 15:39:00,71,12,C,,,,575268
11,10/12/2012 17:00:00,12,53,R,'02120,,M,575571
7,10/12/2012 17:25:00,53,12,R,'02120,,M,575735
7,10/13/2012 08:08:00,113,112,R,'02114,,M,576543
22,10/13/2012 20:39:00,49,76,C,,,,578200
20,10/14/2012 13:30:00,93,4,C,,,,578724
3,10/14/2012 15:25:00,4,26,R,'02118,,M,578893
20,10/15/2012 08:23:00,26,62,R,'02118,,F,580234
17,10/15/2012 10:28:00,62,52,C,,,,580670
23,10/15/2012 17:46:00,126,95,C,,,,581987
4,10/16/2012 09:44:00,95,80,R,'02139,,F,583460
11,10/16/2012 12:46:00,80,17,R,'02139,,F,583821
10,10/16/2012 15:19:00,17,68,R,'02139,,F,584140
9,10/16/2012 19:57:00,68,89,R,'02139,,F,585284
10,10/16/2012 23:12:00,89,68,R,'02139,,F,585495
12,10/16/2012 23:25:00,68,12,R,'02116,,M,585505
13,10/17/2012 09:08:00,12,91,R,'02120,,M,586115
13,10/17/2012 16:52:00,91,111,R,'01880,,M,587187
6,10/17/2012 17:08:00,111,112,R,'02114,,M,587283
21,10/20/2012 09:46:00,26,14,R,'02118,,M,593848
22,10/20/2012 12:25:00,14,55,R,'02115,,M,594298
13,10/20/2012 13:37:00,55,14,R,'02115,,M,594640
14,10/20/2012 15:57:00,14,46,R,'02115,,M,595482
7,10/20/2012 16:22:00,46,33,R,'02215,,M,595701
7,10/20/2012 17:39:00,33,9,R,'02215,,F,596158
19,10/20/2012 18:21:00,9,111,R,'02116,,M,596370
8,10/22/2012 07:55:00,111,22,R,'01843,,F,600004
12,10/22/2012 08:13:00,22,21,R,'02066,,M,600090
25,10/23/2012 15:04:00,129,52,C,,,,604301
16,10/23/2012 17:08:00,52,36,C,,,,604712
26,10/23/2012 17:58:00,36,19,C,,,,605113
116,10/23/2012 21:37:00,19,19,C,,,,605696
3,10/24/2012 19:17:00,45,19,R,'02215,,M,608267
7,10/25/2012 15:53:00,19,55,R,'02215,,M,610331
19,10/25/2012 16:08:00,55,36,C,,,,610370
20,10/25/2012 18:26:00,36,40,R,'02113,,M,611063
5,10/26/2012 07:51:00,40,48,R,'02109,,M,612010
25,10/26/2012 08:32:00,48,11,R,'02128,,M,612235
12,10/26/2012 16:35:00,11,8,R,'02134,,M,613857
25,10/27/2012 16:09:00,8,8,C,,,,616863
19,10/27/2012 17:55:00,8,45,R,'02215,,M,617269
2,10/27/2012 18:21:00,45,32,R,'02215,,M,617334
11,10/27/2012 19:18:00,32,9,R,'02215,,M,617448
14,10/27/2012 21:26:00,9,88,R,'02139,,M,617619
22,10/27/2012 23:09:00,88,141,C,,,,617727
22,11/10/2012 11:38:00,18,36,R,'02134,,M,640957
31,11/10/2012 12:08:00,36,74,C,,,,641045
15,11/10/2012 13:31:00,74,131,C,,,,641315
10,11/11/2012 12:43:00,131,76,R,'02139,,M,643558
6,11/11/2012 13:21:00,76,74,R,'02138,,M,643695
26,11/12/2012 08:36:00,8,48,R,'02134,,M,645382
9,11/12/2012 15:16:00,95,84,R,'02139,,M,646457
6,11/14/2012 07:09:00,58,103,R,'02116,,M,648894
12,11/14/2012 16:41:00,103,111,R,'01930,,M,650142
5,11/14/2012 17:47:00,111,40,R,'02150,,F,650412
9,11/14/2012 18:27:00,40,58,R,'02109,,M,650540
16,11/14/2012 19:10:00,58,41,C,,,,650645
12,11/15/2012 07:14:00,41,41,R,'02215,,F,651016
12,11/15/2012 16:43:00,41,75,R,'02134,,M,652131
16,11/15/2012 18:26:00,75,111,R,'02113,,M,652479
6,11/16/2012 08:15:00,111,43,R,'01984,,M,653178
13,11/16/2012 08:25:00,43,36,R,'02025,,M,653222
10,11/16/2012 09:23:00,36,99,R,'02109,,M,653434
5,11/16/2012 10:09:00,99,43,R,'01773,,M,653527
6,11/16/2012 10:35:00,81,47,R,'02118,,M,653566
7,11/16/2012 13:38:00,47,64,R,'02113,,F,653900
9,11/16/2012 16:14:00,64,111,R,'01890,,F,654216
12,11/16/2012 18:08:00,64,4,R,'02210,,M,654619
5,11/16/2012 22:54:00,4,22,R,'02116,,M,655017
6,11/17/2012 14:46:00,43,24,C,,,,655965
29,11/17/2012 15:30:00,24,63,C,,,,656098
10,11/18/2012 13:15:00,63,16,R,'02127,,M,657426
17,11/18/2012 13:33:00,16,27,R,'02127,,M,657477
17,11/18/2012 13:52:00,27,30,R,'02127,,M,657527
48,11/18/2012 14:13:00,30,30,R,'02127,,M,657575
20,11/18/2012 15:03:00,30,115,R,'02127,,M,657716
7,4/16/2013 21:11:00,11,86,R,'02445,,M,696473
8,4/17/2013 16:32:00,12,26,R,'02118,,M,698235
16,4/17/2013 17:09:00,26,67,R,'02118,,M,698435
9,4/17/2013 17:39:00,67,52,R,'02139,,M,698637
41,4/17/2013 17:53:00,52,42,R,'02139,,M,698719
16,4/17/2013 18:37:00,42,67,R,'02139,,M,698920
6,4/17/2013 19:09:00,67,33,R,'02215,,M,699071
8,4/17/2013 21:29:00,33,21,R,'02115,,M,699398
29,4/18/2013 14:07:00,21,16,C,,,,700906
4,4/18/2013 17:18:00,16,25,R,'02118,,M,701475
9,4/18/2013 18:17:00,25,27,C,,,,701768
8,4/19/2013 21:54:00,27,46,R,'02119,,M,702681
25,4/20/2013 09:20:00,46,114,C,,,,702917
21,4/21/2013 18:50:00,99,74,R,'02139,,M,707109
5,4/23/2013 23:13:00,79,96,R,'02138,,M,711044
21,4/24/2013 07:23:00,96,22,R,'02144,,M,711188
17,4/25/2013 07:28:00,94,64,R,'02129,,M,714097
7,4/25/2013 08:45:00,114,43,R,'01890,,M,714416
5,4/25/2013 09:25:00,43,47,C,,,,714578
7,4/25/2013 13:00:00,47,22,R,'02113,,M,714987
9,4/25/2013 14:08:00,22,47,R,'02113,,M,715140
20,4/25/2013 14:30:00,47,47,R,'02114,,M,715194
13,4/25/2013 15:36:00,47,113,C,,,,715341
16,4/26/2013 09:14:00,58,67,R,'01720,,M,717623
6,4/26/2013 12:50:00,67,55,R,'02115,,M,718198
14,4/26/2013 17:59:00,55,34,C,,,,719421
25,4/27/2013 14:09:00,29,58,C,,,,721357
37,4/27/2013 14:38:00,58,44,C,,,,721455
41,4/27/2013 15:56:00,44,42,C,,,,721933
12,4/27/2013 16:39:00,42,65,C,,,,722202
10,4/27/2013 16:58:00,65,44,C,,,,722301
9,4/27/2013 17:17:00,44,113,R,'02114,,M,722387
31,4/27/2013 18:12:00,113,62,R,'02445,,M,722659
42,4/27/2013 18:58:00,62,30,C,,,,722865
70,4/28/2013 14:17:00,76,74,C,,,,724757
27,4/28/2013 17:20:00,74,16,C,,,,725734
4,4/28/2013 19:42:00,16,25,R,'02118,,M,726308
12,4/29/2013 06:23:00,25,14,R,'02118,,F,726638
4,4/29/2013 10:41:00,14,32,R,'02215,,M,727501
6,4/29/2013 11:45:00,32,3,R,'02215,,M,727608
20,4/29/2013 17:37:00,3,22,R,'02360,,F,728855
9,4/30/2013 07:35:00,22,113,R,'02111,,M,729949
5,4/30/2013 08:11:00,113,58,R,'02111,,M,730143
7,4/30/2013 08:18:00,58,72,R,'02116,,F,730187
10,4/30/2013 11:36:00,72,78,C,,,,730809
13,5/1/2013 07:56:00,78,128,R,'02143,,F,733337
27,5/1/2013 17:47:00,99,113,C,,,,735141
14,5/1/2013 19:22:00,113,45,R,'02215,,M,735650
13,5/2/2013 06:27:00,45,26,R,'02215,,M,736241
6,5/2/2013 07:18:00,26,21,R,'02118,,M,736331
6,5/2/2013 07:48:00,21,33,R,'02762,,M,736444
21,5/2/2013 08:16:00,33,112,R,'02215,,M,736599
2,5/2/2013 15:00:00,112,48,R,'02205,,F,737820
12,5/2/2013 15:24:00,48,26,R,'02118,,M,737898
9,5/2/2013 22:07:00,57,27,R,'02120,,M,739312
5,5/3/2013 09:31:00,27,14,R,'02148,,M,740181
20,5/3/2013 15:52:00,14,114,R,'01460,,M,741208
17,5/3/2013 17:04:00,64,114,R,'01944,,M,741564
4,5/3/2013 19:32:00,48,40,R,'02109,,M,742304
5,5/4/2013 14:29:00,40,48,R,'02109,,M,744205
8,5/4/2013 15:51:00,48,54,C,,,,744615
3,5/4/2013 16:27:00,54,112,R,'02215,,M,744799
6,5/4/2013 17:29:00,112,114,R,'01951,,M,745109
18,5/4/2013 17:45:00,114,91,R,'02113,,F,745177
20,5/5/2013 08:39:00,91,70,C,,,,745991
16,5/5/2013 11:27:00,131,74,R,'02139,,F,746388
8,5/5/2013 13:41:00,74,79,C,,,,746993
11,5/5/2013 14:09:00,79,139,C,,,,747110
18,5/6/2013 13:26:00,139,91,R,'02144,,M,749954
16,5/6/2013 17:17:00,91,10,R,'02139,,M,750703
12,5/6/2013 19:30:00,10,91,R,'02139,,M,751430
4,5/6/2013 20:17:00,91,95,R,'02139,,M,751558
12,5/6/2013 21:11:00,95,114,R,'01915,,F,751665
11,5/7/2013 07:38:00,114,24,R,'02451,,M,752076
23,5/7/2013 08:45:00,24,91,R,'01902,,M,752498
26,5/7/2013 19:00:00,40,74,C,,,,754910
6,5/7/2013 20:03:00,74,68,R,'02139,,M,755177
10,5/7/2013 23:42:00,68,88,R,'02143,,M,755577
25,5/8/2013 08:35:00,88,30,R,'02139,,M,756156
5,5/8/2013 10:55:00,30,34,R,'02115,,M,756609
2,5/8/2013 14:38:00,34,45,R,'02215,,M,757030
4,5/8/2013 14:52:00,45,62,R,'02215,,M,757051
24,5/8/2013 20:05:00,62,18,R,'01760,,F,758323
25,5/9/2013 08:09:00,18,102,R,'02134,,M,758971
9,5/9/2013 08:41:00,102,21,R,'02118,,M,759141
52,5/9/2013 15:31:00,21,21,C,,,,759768
7,5/10/2013 19:59:00,131,87,R,'02138,,M,764345
41,5/10/2013 21:05:00,87,24,C,,,,764493
21,5/11/2013 00:59:00,24,111,C,,,,764911
8,5/11/2013 13:13:00,111,98,C,,,,765830
4,5/11/2013 16:52:00,98,114,R,'02129,,M,766383
5,5/11/2013 17:01:00,114,98,R,'02129,,M,766398
4,5/11/2013 23:26:00,98,47,R,'02109,,M,767082
13,5/12/2013 10:32:00,47,52,R,'02113,,M,767483
6,5/12/2013 17:48:00,52,46,R,'02115,,M,768945
11,5/12/2013 18:35:00,46,67,R,'02114,,F,769115
10,5/13/2013 17:15:00,21,14,R,'02215,,M,771878
26,5/13/2013 17:31:00,14,114,R,'02113,,M,772025
26,5/14/2013 11:38:00,54,66,R,'02134,,M,774157
12,5/15/2013 09:17:00,32,91,R,'02215,,M,777217
9,5/15/2013 12:30:00,75,74,R,'02139,,M,777730
9,5/15/2013 12:45:00,74,75,R,'02139,,M,777781
4,5/15/2013 13:23:00,75,80,R,'02139,,M,777889
5,5/15/2013 15:18:00,80,75,R,'02139,,M,778163
14,5/15/2013 18:39:00,75,103,R,'02116,,M,779029
6,5/15/2013 20:34:00,103,58,R,'02108,,M,779339
23,5/16/2013 06:32:00,58,73,R,'02108,,M,779672
4,5/16/2013 08:39:00,73,133,R,'02138,,M,780256
26,5/16/2013 14:18:00,133,5,R,'02138,,M,781407
25,5/16/2013 15:57:00,5,131,C,,,,781727
7,5/16/2013 19:51:00,131,75,R,'02139,,M,783225
8,5/16/2013 19:59:00,75,53,R,'02116,,F,783257
13,5/17/2013 06:15:00,53,99,R,'02127,,F,783894
14,5/17/2013 13:12:00,99,53,R,'02118,,F,785461
7,5/17/2013 15:49:00,53,10,R,'02134,,M,786067
12,5/17/2013 16:57:00,10,36,R,'02116,,F,786485
131,5/17/2013 17:10:00,36,34,C,,,,786586
35,5/19/2013 01:43:00,34,68,C,,,,791704
7,5/19/2013 11:28:00,68,67,R,'02139,,F,792412
8,5/19/2013 13:31:00,67,67,C,,,,793029
13,5/19/2013 15:13:00,67,91,C,,,,793542
11,5/19/2013 16:17:00,91,78,R,'02127,,F,793799
15,5/20/2013 16:39:00,78,90,R,'02145,,M,796279
8,5/21/2013 08:04:00,26,22,R,'02118,,M,797986
18,5/22/2013 06:30:00,22,115,R,'02351,,F,801031
13,5/22/2013 07:44:00,115,99,R,'02129,,F,801180
11,5/22/2013 08:02:00,99,103,R,'02113,,M,801254
8,5/22/2013 08:23:00,103,43,R,'02118,,M,801370
4,5/22/2013 16:54:00,43,40,R,'02109,,M,802969
5,5/22/2013 17:00:00,40,111,R,'01740,,M,803000
16,5/22/2013 17:33:00,111,22,R,'02116,,M,803259
23,5/22/2013 17:52:00,22,87,R,'02135,,M,803387
6,5/23/2013 18:17:00,87,130,R,'02138,,M,806743
6,5/23/2013 19:45:00,88,88,R,'02143,,M,807158
18,5/24/2013 09:03:00,88,112,R,'02139,,M,808114
5,5/24/2013 09:41:00,112,64,R,'02130,,M,808227
21,5/24/2013 14:31:00,112,36,C,,,,808754
9,5/24/2013 23:08:00,31,40,R,'02113,,M,809587
8,5/25/2013 07:04:00,40,31,R,'02113,,M,809645
8,5/25/2013 15:35:00,31,40,R,'02113,,M,810145
9,5/26/2013 06:59:00,40,31,R,'02113,,M,810505
16,5/26/2013 09:09:00,31,58,R,'02108,,M,810570
23,5/26/2013 14:10:00,58,45,R,'02116,,F,811133
31,5/27/2013 12:36:00,45,17,C,,,,813093
14,5/27/2013 18:19:00,17,34,R,'02163,,M,815045
6,5/27/2013 21:34:00,34,33,R,'02215,,M,815657
17,5/27/2013 21:57:00,33,39,R,'02118,,F,815682
10,5/28/2013 06:09:00,39,11,R,'02118,,M,815877
5,5/28/2013 07:10:00,11,30,R,'02138,,M,815985
3,5/28/2013 07:47:00,30,11,R,'02138,,M,816122
8,5/28/2013 09:03:00,26,42,R,'02116,,M,816675
23,5/28/2013 11:09:00,42,20,C,,,,817030
5,5/28/2013 12:51:00,20,22,R,'02110,,M,817335
6,5/28/2013 18:59:00,22,31,R,'02478,,M,819256
8,5/28/2013 19:16:00,31,22,R,'02478,,M,819341
109,5/28/2013 19:25:00,22,45,R,'02215,,F,819398
16,5/30/2013 09:16:00,45,48,R,'02215,,M,823566
6,5/30/2013 12:49:00,48,64,R,'02118,,M,824095
8,5/30/2013 13:30:00,64,54,R,'02210,,M,824202
8,5/30/2013 14:01:00,54,21,R,'02199,,M,824292
6,5/30/2013 15:35:00,21,45,R,'02199,,M,824539
29,5/30/2013 17:17:00,45,45,R,'02116,,M,825074
5,5/30/2013 17:55:00,45,11,R,'02138,,M,825400
28,5/30/2013 19:09:00,11,71,R,'02143,,M,825835
14,5/31/2013 08:51:00,71,72,R,'02143,,M,827243
16,6/1/2013 11:58:00,68,53,C,,,,831299
14,6/1/2013 12:19:00,53,42,C,,,,831367
8,6/1/2013 13:25:00,42,55,R,'02116,,M,831615
84,6/1/2013 17:40:00,55,53,C,,,,832600
63,6/1/2013 19:08:00,53,74,C,,,,832935
7,6/1/2013 21:07:00,74,76,C,,,,833292
5,6/1/2013 22:00:00,76,131,C,,,,833407
9,6/4/2013 15:48:00,87,75,R,02139,,M,841411
21,6/4/2013 16:14:00,75,36,R,'02492,,F,841508
11,6/4/2013 18:10:00,110,8,C,,,,842477
17,6/4/2013 22:24:00,8,36,C,,,,843510
11,6/4/2013 23:04:00,36,81,C,,,,843574
3,6/5/2013 06:53:00,81,49,R,'02145,,F,843788
37,6/5/2013 09:11:00,49,49,R,'02115,,M,844638
9,6/5/2013 11:41:00,49,25,R,'02118,,F,845074
6,6/5/2013 14:03:00,25,21,R,'02301,,M,845619
8,6/5/2013 17:39:00,21,3,R,'02215,,M,846735
2,6/5/2013 20:57:00,3,14,R,'02476,,M,847797
25,6/5/2013 21:19:00,14,87,C,,,,847841
21,6/6/2013 22:53:00,87,30,R,'02143,,M,852342
13,6/7/2013 17:36:00,30,66,R,'02134,,M,852955
31,6/8/2013 07:57:00,66,93,R,'02134,,M,853115
21,6/8/2013 16:28:00,93,11,R,'02134,,M,854703
9,6/8/2013 16:51:00,11,66,R,'02134,,M,854832
21,6/8/2013 17:57:00,66,22,R,'02134,,M,855154
43,6/8/2013 19:29:00,22,67,C,,,,855563
18,6/9/2013 02:42:00,67,33,C,,,,856365
12,6/9/2013 06:02:00,33,41,R,'02121,,M,856398
17,6/9/2013 15:14:00,14,66,R,'02134,,F,858233
12,6/10/2013 17:14:00,11,8,R,'02135,,M,862679
12,6/11/2013 13:08:00,8,17,R,'02163,,M,863947
8,6/11/2013 16:06:00,17,74,R,'02163,,M,864352
8,6/11/2013 18:04:00,74,76,C,,,,865080
5,6/11/2013 18:16:00,76,87,R,'02138,,F,865155
10,6/12/2013 09:53:00,87,67,C,,,,866531
6,6/12/2013 16:23:00,67,33,R,'02135,,M,867654
15,6/12/2013 16:31:00,33,69,R,'02135,,M,867688
9,6/12/2013 18:53:00,69,19,R,'02215,,F,868673
6,6/12/2013 19:07:00,19,9,R,'02446,,M,868750
27,6/15/2013 13:23:00,36,111,C,,,,876417
56,6/16/2013 12:51:00,111,12,C,,,,880219
5,6/16/2013 16:03:00,12,27,C,,,,881210
6,6/16/2013 21:35:00,27,30,C,,,,882230
25,6/16/2013 23:38:00,30,46,C,,,,882338
21,6/17/2013 00:06:00,46,67,C,,,,882357
18,6/17/2013 00:33:00,67,103,C,,,,882371
23,6/17/2013 00:54:00,103,21,C,,,,882380
22,6/17/2013 01:20:00,21,14,C,,,,882389
8,6/17/2013 16:30:00,14,32,R,'02149,,M,884664
6,6/18/2013 11:44:00,87,76,R,'02138,,F,887161
10,6/18/2013 13:31:00,76,33,R,'02445,,F,887509
10,6/18/2013 17:50:00,33,21,R,'02116,,F,887984
18,6/18/2013 19:05:00,21,47,R,'02113,,M,888367
13,6/19/2013 07:22:00,47,50,R,'02109,,M,889155
9,6/19/2013 07:57:00,50,43,R,'02445,,M,889374
4,6/19/2013 08:32:00,43,24,R,'02110,,M,889636
5,6/19/2013 09:46:00,24,43,R,'02451,,M,890110
3,6/19/2013 11:47:00,43,99,R,'02043,,M,890436
9,6/19/2013 15:23:00,99,98,R,'02129,,M,891251
29,6/19/2013 15:58:00,98,41,R,'02134,,F,891382
27,6/19/2013 16:48:00,41,54,C,,,,891661
22,6/19/2013 17:24:00,54,86,R,'02445,,M,892027
22,6/20/2013 09:00:00,86,112,R,'02445,,M,894834
15,6/20/2013 17:02:00,112,52,R,'02115,,M,896677
18,6/20/2013 19:02:00,52,47,R,'02468,,M,897751
17,6/20/2013 21:00:00,47,88,R,'02128,,M,898320
20,6/21/2013 09:20:00,88,81,R,'02139,,F,899694
4,6/21/2013 09:49:00,81,64,R,'02379,,M,899798
4,6/21/2013 11:36:00,64,22,R,'02210,,M,900114
21,6/24/2013 15:46:00,22,45,R,'02116,,M,913294
6,6/24/2013 16:11:00,45,103,R,'02116,,M,913392
3,6/24/2013 16:49:00,103,16,R,'02116,,M,913579
9,6/24/2013 17:19:00,16,22,R,'02109,,M,913843
29,6/24/2013 23:01:00,20,27,C,,,,915057
4,6/25/2013 10:36:00,27,12,R,'02120,,M,916427
6,6/25/2013 18:16:00,53,80,R,'02139,,M,918359
12,6/25/2013 18:23:00,80,96,R,'02138,,M,918420
17,6/25/2013 19:13:00,96,139,R,'02140,,M,918744
24,6/26/2013 05:32:00,139,58,R,'02144,,F,919532
5,6/26/2013 06:48:00,58,103,R,'02116,,M,919629
6,6/26/2013 09:09:00,103,67,C,,,,920445
5,6/26/2013 12:52:00,67,68,R,'01720,,M,921117
9,6/26/2013 13:27:00,68,130,R,'02143,,M,921222
9,6/26/2013 18:23:00,130,78,R,'02145,,F,922494
13,6/27/2013 07:59:00,78,128,R,'02143,,F,923824
4,6/27/2013 08:15:00,128,91,R,'02171,,M,923923
5,6/27/2013 15:00:00,91,128,R,'02142,,M,925411
14,6/27/2013 15:28:00,128,25,C,,,,925499
6,6/27/2013 18:37:00,25,55,R,'02118,,M,926483
9,6/27/2013 19:24:00,55,19,R,'02446,,F,926687
6,6/27/2013 19:53:00,19,9,R,'02215,,M,926806
8,6/27/2013 20:33:00,9,19,R,'02446,,M,926910
15,6/28/2013 08:01:00,19,80,R,'02215,,F,927538
73,6/28/2013 16:11:00,58,58,C,,,,929109
18,6/28/2013 19:22:00,58,7,R,'02116,,M,930374
29,6/28/2013 23:44:00,7,45,C,,,,931097
18,6/29/2013 01:13:00,45,76,R,'02139,,M,931235
6,6/29/2013 03:56:00,76,88,C,,,,931416
10,6/29/2013 11:47:00,88,74,R,'02143,,M,931929
24,6/29/2013 14:08:00,74,58,R,'02215,,M,932520
11,6/29/2013 15:19:00,58,33,C,,,,932920
26,6/29/2013 18:59:00,33,75,C,,,,934023
17,6/29/2013 20:05:00,75,137,R,'02144,,M,934350
27,6/29/2013 20:56:00,137,53,R,'02140,,M,934544
6,6/29/2013 22:32:00,53,33,C,,,,934813
24,6/29/2013 22:51:00,33,4,C,,,,934860
11,6/30/2013 10:38:00,4,4,C,,,,935610
3,6/30/2013 13:05:00,4,4,R,'02116,,M,936333
6,6/30/2013 13:14:00,4,57,R,'02116,,M,936369
9,6/30/2013 13:23:00,57,32,R,'02118,,M,936411
11,6/30/2013 15:10:00,32,57,R,'02118,,M,937039
18,6/30/2013 15:22:00,57,95,R,'02118,,F,937095
18,6/30/2013 17:31:00,95,6,R,'02118,,F,937817
29,6/30/2013 18:51:00,6,52,C,,,,938175
7,6/30/2013 22:49:00,52,16,R,'02116,,F,938908
17,7/1/2013 07:32:00,16,114,R,'02030,,F,939241
8,7/1/2013 08:01:00,114,43,R,'02138,,M,939421
16,7/1/2013 08:38:00,43,103,R,'02025,,M,939671
13,7/1/2013 09:14:00,103,22,R,'02110,,M,939915
5,7/1/2013 10:38:00,22,49,R,'02171,,M,940155
7,7/1/2013 13:10:00,49,54,R,'02116,,M,940603
56,7/4/2013 17:52:00,54,68,C,,,,954497
36,7/4/2013 18:57:00,68,78,C,,,,954768
24,7/4/2013 20:59:00,78,90,C,,,,955200
19,7/4/2013 21:46:00,90,68,R,'02141,,M,955352
25,7/5/2013 01:04:00,68,42,C,,,,955981
58,7/5/2013 07:09:00,42,42,C,,,,956120
21,7/5/2013 08:14:00,42,20,C,,,,956250
7,7/5/2013 08:37:00,20,7,R,'02109,,M,956309
12,7/5/2013 14:02:00,7,63,C,,,,957370
7,7/5/2013 20:01:00,63,26,R,'02134,,M,958976
4,7/5/2013 20:11:00,26,102,R,'02134,,M,959009
3,7/5/2013 20:17:00,102,39,R,'02134,,M,959032
4,7/5/2013 20:21:00,39,25,R,'02134,,M,959045
3,7/5/2013 20:30:00,25,57,R,'02134,,M,959071
6,7/5/2013 20:35:00,57,51,R,'02134,,M,959089
6,7/5/2013 20:43:00,51,12,R,'02134,,M,959105
4,7/5/2013 20:52:00,12,27,R,'02134,,M,959124
7,7/5/2013 20:58:00,27,100,R,'02134,,M,959142
8,7/5/2013 21:07:00,100,105,R,'02476,,F,959173
14,7/5/2013 21:17:00,105,83,R,'02476,,F,959194
9,7/5/2013 21:34:00,83,104,R,'02476,,F,959240
7,7/5/2013 21:46:00,104,93,R,'02476,,F,959269
13,7/5/2013 21:56:00,93,92,R,'02476,,F,959291
15,7/7/2013 19:56:00,92,92,C,,,,965348
39,7/12/2013 13:53:00,92,36,R,'02215,,F,985962
12,7/12/2013 14:37:00,36,59,R,'02116,,M,986166
14,7/12/2013 16:04:00,59,10,R,'02139,,M,986575
22,7/12/2013 18:55:00,10,63,R,'02127,,M,987905
9,7/13/2013 10:47:00,63,20,R,'02149,,M,989643
4,7/13/2013 22:02:00,130,89,R,'02138,,M,992905
13,7/14/2013 14:21:00,89,134,R,'02134,,M,994952
6,7/14/2013 14:39:00,134,139,R,'02134,,M,995053
5,7/14/2013 15:13:00,139,134,C,,,,995216
15,7/14/2013 18:13:00,134,133,R,'02140,,M,996237
7,7/14/2013 19:00:00,133,74,R,'02138,,M,996436
2,7/14/2013 21:20:00,76,68,R,'02139,,M,996957
10,7/14/2013 21:42:00,68,130,R,'02138,,M,997009
4,7/14/2013 22:01:00,130,132,C,,,,997049
15,7/16/2013 12:56:00,132,130,R,'02139,,F,1003868
4,7/16/2013 15:08:00,130,129,R,'02138,,M,1004081
9,7/17/2013 09:12:00,129,132,C,,,,1007794
4,7/17/2013 14:53:00,132,73,R,'02139,,M,1008872
21,7/17/2013 15:10:00,73,15,C,,,,1008910
18,7/18/2013 07:38:00,15,128,R,'02134,,M,1011884
12,7/18/2013 08:55:00,128,49,R,'02139,,M,1012473
5,7/18/2013 11:32:00,49,36,C,,,,1012972
13,7/18/2013 15:10:00,36,42,C,,,,1013687
7,7/18/2013 17:47:00,42,113,R,'02474,,M,1014658
12,7/18/2013 17:58:00,113,26,R,'02118,,F,1014736
16,7/19/2013 14:56:00,16,40,R,'02118,,F,1018307
18,7/20/2013 17:46:00,44,36,C,,,,1022842
19,7/20/2013 19:12:00,36,47,C,,,,1023134
2,7/21/2013 10:01:00,47,114,C,,,,1024511
24,7/21/2013 12:04:00,111,53,C,,,,1025030
5,7/21/2013 12:31:00,53,33,C,,,,1025149
36,7/21/2013 13:37:00,33,33,C,,,,1025470
20,7/21/2013 15:53:00,33,113,C,,,,1026278
26,7/21/2013 16:38:00,113,80,C,,,,1026563
13,7/21/2013 17:16:00,80,46,R,'02115,,F,1026836
12,7/21/2013 20:30:00,46,10,R,'02115,,M,1027665
10,7/21/2013 21:03:00,10,66,R,'02134,,F,1027757
15,7/22/2013 07:47:00,66,14,R,'02134,,M,1028543
22,7/22/2013 15:44:00,45,53,R,'02067,,M,1030608
30,7/22/2013 16:14:00,53,94,R,'02067,,M,1030761
5,7/22/2013 22:21:00,59,81,R,'02116,,M,1032942
10,7/22/2013 22:27:00,81,55,R,'02115,,M,1032951
15,7/22/2013 22:48:00,55,4,C,,,,1032995
10,7/23/2013 01:42:00,4,114,R,'02113,,M,1033131
25,7/23/2013 06:19:00,114,32,R,'01930,,M,1033192
10,7/23/2013 07:17:00,32,131,R,'02215,,M,1033236
17,7/24/2013 09:01:00,131,51,R,'02118,,M,1036800
10,7/24/2013 11:37:00,51,104,R,'02118,,M,1037345
12,7/24/2013 22:21:00,22,49,C,,,,1040660
19,7/25/2013 18:20:00,49,68,R,'02139,,M,1043474
10,7/25/2013 22:00:00,68,133,R,'02139,,M,1043960
7,7/26/2013 10:13:00,133,74,R,'02452,,M,1044490
16,7/26/2013 13:20:00,74,95,R,'02143,,F,1044805
11,7/26/2013 13:47:00,95,132,R,'02141,,F,1044878
45,7/26/2013 16:38:00,132,73,C,,,,1045400
29,7/26/2013 17:37:00,73,113,C,,,,1045779
7,7/27/2013 14:29:00,113,113,R,'02199,,F,1048145
21,7/27/2013 17:45:00,113,10,R,'02114,,M,1049337
41,7/27/2013 19:16:00,10,33,C,,,,1049836
14,7/27/2013 19:58:00,33,42,C,,,,1050049
28,7/27/2013 20:17:00,42,47,C,,,,1050116
18,7/27/2013 21:03:00,47,49,R,'02116,,F,1050283
6,7/28/2013 16:56:00,49,54,R,'02138,,M,1053378
17,7/28/2013 17:20:00,54,53,R,'02138,,M,1053482
30,7/28/2013 18:15:00,53,53,C,,,,1053787
11,7/29/2013 05:37:00,53,48,R,'02115,,M,1054679
3,7/29/2013 06:22:00,48,22,R,'02478,,M,1054736
4,7/29/2013 06:44:00,22,43,R,'01760,,F,1054773
10,7/29/2013 07:13:00,43,50,R,'02025,,M,1054856
23,7/29/2013 14:01:00,98,47,C,,,,1056651
3,7/29/2013 18:53:00,47,40,R,'03110,,M,1058335
4,7/30/2013 06:06:00,40,48,R,'02113,,F,1059166
4,7/30/2013 08:23:00,40,20,R,'02109,,M,1059863
8,7/30/2013 08:35:00,20,31,C,,,,1059966
5,7/30/2013 13:03:00,31,64,R,'01760,,M,1061186
9,7/30/2013 14:51:00,64,99,R,'02210,,M,1061602
15,7/30/2013 15:05:00,99,72,R,'02115,,M,1061661
13,7/30/2013 15:43:00,72,98,C,,,,1061834
13,7/30/2013 16:37:00,98,22,R,'02382,,M,1062133
59,7/30/2013 17:27:00,22,143,R,'02143,,M,1062679
46,7/30/2013 19:57:00,143,5,C,,,,1063902
11,7/31/2013 08:30:00,5,49,R,'02120,,M,1065427
8,7/31/2013 09:23:00,49,99,R,'02171,,M,1065830
11,7/31/2013 12:41:00,36,20,R,'02025,,M,1066535
25,7/31/2013 15:41:00,20,64,C,,,,1067250
11,7/31/2013 16:13:00,64,6,C,,,,1067411
23,7/31/2013 17:51:00,6,22,C,,,,1068343
26,7/31/2013 22:37:00,22,90,C,,,,1069875
17,7/31/2013 23:05:00,90,78,C,,,,1069936
6,8/1/2013 16:30:00,78,77,R,'02143,,M,1072744
8,8/2/2013 11:35:00,77,130,R,'02143,,M,1075882
9,8/2/2013 12:04:00,130,137,R,'02138,,F,1075985
12,8/2/2013 13:19:00,137,74,C,,,,1076308
7,8/2/2013 16:39:00,75,135,R,'02139,,F,1077383
7,8/3/2013 12:36:00,135,96,C,,,,1080648
20,8/3/2013 12:48:00,96,73,C,,,,1080719
8,8/3/2013 13:42:00,73,96,R,'02478,,M,1080998
19,8/3/2013 13:56:00,96,48,R,'02478,,M,1081076
18,8/3/2013 14:34:00,48,113,C,,,,1081272
62,8/3/2013 16:48:00,129,70,C,,,,1082199
19,8/3/2013 18:10:00,70,144,C,,,,1082772
4,8/3/2013 19:23:00,144,139,R,'02143,,M,1083153
7,8/3/2013 19:49:00,139,138,R,'02143,,M,1083273
12,8/3/2013 21:25:00,138,73,R,'02143,,M,1083674
11,8/4/2013 00:26:00,73,138,R,'02143,,M,1084104
17,8/5/2013 08:22:00,138,75,R,'01778,,M,1089320
13,8/5/2013 09:21:00,75,50,R,'02139,,F,1089786
10,8/5/2013 16:02:00,50,112,R,'02116,,M,1091337
22,8/5/2013 16:44:00,112,40,R,'02116,,M,1091586
9,8/5/2013 18:03:00,40,22,C,,,,1092484
11,8/5/2013 18:17:00,22,104,R,'02125,,F,1092608
17,8/5/2013 19:27:00,104,26,R,'02189,,M,1093096
20,8/5/2013 20:22:00,26,98,C,,,,1093368
13,8/6/2013 06:03:00,98,81,R,'02129,,M,1093945
3,8/6/2013 06:47:00,81,49,R,'02145,,F,1094028
10,8/6/2013 10:04:00,49,58,C,,,,1095252
15,8/6/2013 11:50:00,58,49,C,,,,1095582
18,8/6/2013 12:11:00,49,44,C,,,,1095681
9,8/6/2013 14:15:00,44,31,R,'02113,,M,1096157
16,8/6/2013 16:16:00,31,111,R,'01907,,F,1096650
22,8/6/2013 18:00:00,48,83,R,'02125,,F,1097667
14,8/9/2013 22:11:00,83,55,R,'02115,,M,1110934
4,8/9/2013 22:28:00,55,53,R,'02115,,M,1110962
5,8/9/2013 22:57:00,53,67,R,'02139,,M,1111011
10,8/9/2013 23:16:00,67,99,R,'02128,,M,1111044
24,8/10/2013 00:45:00,99,41,C,,,,1111131
13,8/10/2013 07:42:00,41,36,R,'02134,,M,1111335
9,8/10/2013 08:39:00,36,48,R,'02116,,F,1111401
14,8/10/2013 10:24:00,48,16,R,'02116,,F,1111666
4,8/10/2013 11:26:00,16,25,R,'02118,,M,1111934
4,8/10/2013 12:16:00,25,4,R,'02118,,M,1112173
5,8/10/2013 12:46:00,4,25,R,'02118,,M,1112335
13,8/10/2013 13:21:00,25,52,C,,,,1112536
11,8/10/2013 14:01:00,52,25,C,,,,1112827
15,8/11/2013 01:50:00,48,46,C,,,,1115861
5,8/11/2013 14:14:00,16,26,R,'02116,,M,1117662
32,8/11/2013 14:40:00,26,73,R,'02118,,F,1117856
18,8/11/2013 15:12:00,73,32,R,'02478,,M,1118071
27,8/11/2013 15:47:00,32,78,R,'02113,,F,1118313
20,8/11/2013 17:05:00,78,9,R,'02143,,F,1118770
7,8/11/2013 17:59:00,9,33,R,'02215,,M,1119072
20,8/11/2013 23:15:00,33,102,R,'02114,,M,1120141
13,8/12/2013 13:52:00,102,91,R,'02199,,M,1122354
5,8/12/2013 15:17:00,91,72,R,'02139,,M,1122700
19,8/12/2013 17:40:00,72,32,C,,,,1123793
5,8/12/2013 18:14:00,32,5,R,'02215,,M,1124163
12,8/12/2013 18:48:00,5,86,R,'02139,,M,1124433
16,8/12/2013 20:46:00,86,58,R,'02116,,M,1125076
19,8/12/2013 23:34:00,58,46,C,,,,1125369
6,8/13/2013 07:37:00,46,67,R,'02115,,M,1125789
14,8/14/2013 08:14:00,98,91,R,'02129,,F,1130900
24,8/15/2013 01:02:00,89,74,C,,,,1135663
30,8/15/2013 01:30:00,74,75,C,,,,1135678
20,8/15/2013 07:19:00,75,7,R,'02139,,M,1135940
7,8/15/2013 15:03:00,7,22,R,'02476,,F,1138130
13,8/15/2013 16:45:00,22,111,R,'01824,,M,1138693
7,8/15/2013 21:09:00,91,135,R,'02139,,F,1140627
8,8/16/2013 11:36:00,135,74,R,'02139,,M,1142678
16,8/19/2013 18:25:00,11,113,R,'02114,,M,1159198
20,8/19/2013 19:13:00,113,113,C,,,,1159562
15,8/19/2013 19:35:00,113,53,C,,,,1159696
14,8/20/2013 07:53:00,53,27,R,'02215,,F,1160824
15,8/20/2013 10:49:00,27,16,R,'02119,,M,1161840
16,8/20/2013 11:58:00,16,68,R,'02139,,M,1162073
18,8/20/2013 13:20:00,68,16,R,'02139,,M,1162389
6,8/20/2013 17:37:00,16,21,R,'02116,,M,1163799
3,8/20/2013 17:47:00,21,103,R,'02116,,M,1163916
29,8/20/2013 18:22:00,103,136,C,,,,1164255
9,8/20/2013 18:52:00,136,96,R,'02138,,M,1164519
18,8/20/2013 19:20:00,96,96,R,'02138,,M,1164694
13,8/20/2013 20:27:00,96,73,R,'02138,,M,1165048
15,8/20/2013 20:57:00,73,96,R,'02138,,M,1165143
7,8/20/2013 21:32:00,96,68,R,'02138,,M,1165252
13,8/21/2013 01:13:00,68,96,R,'02138,,M,1165555
11,8/21/2013 08:56:00,96,90,R,'02139,,F,1166613
8,8/21/2013 09:14:00,90,128,R,'02139,,F,1166723
22,8/22/2013 08:26:00,143,46,R,'02143,,M,1171404
14,8/22/2013 08:52:00,46,20,R,'02115,,M,1171641
12,8/22/2013 09:10:00,20,36,R,'02109,,M,1171770
6,8/22/2013 10:08:00,36,39,R,'02116,,F,1172018
26,8/22/2013 17:28:00,62,112,R,'02128,,M,1173996
17,8/22/2013 17:59:00,112,95,R,'02143,,M,1174285
6,8/22/2013 18:29:00,95,75,R,'02143,,F,1174547
3,8/22/2013 18:38:00,75,76,R,'02139,,M,1174615
14,8/22/2013 20:03:00,76,137,R,'02140,,M,1175107
4,8/22/2013 23:35:00,137,138,R,'02143,,M,1175638
8,8/23/2013 18:38:00,80,95,R,'02139,,M,1179709
5,8/24/2013 10:04:00,95,78,R,'02139,,M,1181282
17,8/24/2013 13:00:00,76,110,C,,,,1182113
16,8/24/2013 15:15:00,110,68,R,'02139,,M,1182945
24,8/24/2013 15:56:00,68,113,R,'02139,,F,1183238
14,8/29/2013 20:25:00,129,8,R,'02127,,M,1208519
12,8/30/2013 12:01:00,8,33,C,,,,1210667
17,8/30/2013 13:34:00,33,114,R,'01930,,M,1211115
11,8/30/2013 16:24:00,64,111,R,'02451,,M,1212160
22,8/31/2013 11:45:00,54,10,R,'02215,,M,1214848
5,8/31/2013 12:08:00,10,9,R,'02215,,M,1214932
9,8/31/2013 13:52:00,9,10,C,,,,1215325
22,8/31/2013 14:31:00,10,131,C,,,,1215493
11,8/31/2013 19:14:00,131,74,R,'02139,,F,1216818
9,8/31/2013 20:02:00,74,137,R,'02140,,M,1216968
4,9/1/2013 06:36:00,137,133,R,'02134,,M,1217790
2,9/1/2013 06:43:00,133,89,R,'02134,,M,1217793
2,9/1/2013 06:56:00,130,96,R,'02134,,M,1217797
3,9/1/2013 07:00:00,96,74,R,'02134,,M,1217798
2,9/1/2013 07:11:00,70,129,R,'02134,,M,1217803
3,9/1/2013 07:15:00,129,87,R,'02134,,M,1217804
4,9/1/2013 07:21:00,87,17,R,'02134,,M,1217805
2,9/1/2013 07:27:00,17,29,R,'02134,,M,1217806
2,9/1/2013 07:31:00,29,18,R,'02134,,M,1217808
4,9/1/2013 07:36:00,18,15,R,'02134,,M,1217813
6,9/1/2013 07:41:00,15,110,R,'02134,,M,1217816
5,9/1/2013 07:49:00,110,8,R,'02134,,M,1217820
10,9/1/2013 07:56:00,8,126,R,'02134,,M,1217825
7,9/1/2013 08:08:00,126,127,R,'02134,,M,1217838
3,9/1/2013 08:19:00,127,66,R,'02134,,M,1217849
11,9/1/2013 08:25:00,66,9,R,'02134,,M,1217858
4,9/1/2013 09:24:00,9,131,R,'02134,,M,1217910
6,9/1/2013 09:30:00,131,75,R,'02134,,M,1217914
2,9/1/2013 09:41:00,68,76,R,'02134,,M,1217915
5,9/1/2013 09:45:00,76,67,R,'02134,,M,1217917
4,9/1/2013 10:03:00,67,72,R,'02134,,M,1217926
7,9/1/2013 10:12:00,128,80,R,'02134,,M,1217935
3,9/1/2013 10:21:00,80,91,R,'02134,,M,1217949
3,9/1/2013 10:25:00,91,136,R,'02134,,M,1217953
4,9/1/2013 10:29:00,136,84,R,'02134,,M,1217955
17,9/1/2013 10:35:00,84,76,R,'02141,,M,1217961
18,9/1/2013 13:48:00,76,66,R,'02139,,M,1218219
11,9/1/2013 14:26:00,66,9,R,'02139,,M,1218312
15,9/1/2013 15:48:00,9,54,R,'02114,,M,1218591
7,9/1/2013 17:08:00,54,50,R,'02114,,M,1218927
31,9/2/2013 15:43:00,40,33,R,'02135,,M,1221879
7,9/2/2013 16:24:00,33,67,R,'02139,,M,1222050
18,9/2/2013 17:27:00,67,111,R,'02113,,F,1222347
5,9/3/2013 08:14:00,111,40,R,'01984,,M,1224022
29,9/3/2013 11:25:00,40,10,R,'02127,,F,1224993
19,9/3/2013 16:22:00,10,114,R,'01930,,M,1226123
13,9/3/2013 17:57:00,48,36,R,'02199,,M,1227050
13,9/3/2013 18:16:00,36,76,R,'02139,,M,1227209
10,9/3/2013 19:13:00,76,78,R,'02141,,F,1227623
26,9/4/2013 09:13:00,78,136,C,,,,1229504
17,9/4/2013 17:29:00,136,94,C,,,,1231820
7,9/5/2013 07:37:00,94,114,R,'02129,,M,1233982
19,9/5/2013 14:39:00,3,19,C,,,,1235450
9,9/5/2013 15:04:00,19,3,C,,,,1235541
9,9/5/2013 15:41:00,3,51,R,'02136,,F,1235707
55,9/6/2013 13:53:00,126,48,R,'02128,,M,1240356
11,9/6/2013 15:14:00,48,26,R,'02118,,M,1240737
19,9/6/2013 17:25:00,26,83,R,'02125,,F,1241735
17,9/6/2013 19:15:00,83,25,C,,,,1242543
4,9/6/2013 22:04:00,25,16,R,'02118,,M,1243070
21,9/6/2013 23:16:00,16,75,R,'02119,,M,1243190
20,9/7/2013 00:09:00,75,20,R,'02128,,F,1243273
12,9/7/2013 01:20:00,20,81,C,,,,1243366
24,9/7/2013 10:04:00,81,33,C,,,,1243801
7,9/7/2013 10:48:00,33,67,R,'02215,,M,1243946
7,9/7/2013 13:11:00,67,33,R,'02215,,M,1244684
21,9/7/2013 13:41:00,33,113,C,,,,1244871
12,9/7/2013 14:20:00,113,88,R,'02139,,F,1245121
23,9/7/2013 16:12:00,88,112,R,'02139,,F,1245917
11,9/7/2013 17:23:00,112,102,R,'02110,,M,1246410
17,9/7/2013 18:05:00,102,75,R,'02118,,M,1246675
8,9/7/2013 22:04:00,75,53,C,,,,1247548
5,9/8/2013 01:53:00,53,67,R,'02215,,M,1247958
8,9/8/2013 05:17:00,67,33,C,,,,1248073
11,9/8/2013 06:01:00,33,41,R,'02121,,M,1248079
7,9/8/2013 14:25:00,41,10,R,'02134,,M,1249644
3,9/8/2013 15:31:00,10,9,R,'02215,,F,1250015
22,9/8/2013 19:09:00,9,70,R,'02446,,M,1251084
7,9/9/2013 17:30:00,17,15,R,'02135,,M,1255000
17,9/11/2013 17:57:00,15,19,R,'02134,,F,1264826
8,9/11/2013 19:46:00,19,86,R,'02115,,M,1265603
3,9/13/2013 13:21:00,3,14,R,'02215,,M,1272661
17,9/13/2013 14:54:00,14,80,R,'02056,,F,1273106
14,9/13/2013 15:30:00,80,98,R,'02129,,M,1273300
11,9/13/2013 16:35:00,98,22,R,'02190,,M,1273648
9,9/14/2013 10:40:00,22,31,R,'02108,,F,1276051
84,9/14/2013 10:54:00,31,31,C,,,,1276098
11,9/14/2013 12:49:00,31,47,R,'02170,,M,1276731
13,9/14/2013 13:09:00,47,59,C,,,,1276839
6,9/15/2013 10:22:00,59,16,R,'02111,,M,1280509
7,9/15/2013 11:00:00,16,26,C,,,,1280664
32,9/15/2013 11:24:00,26,67,R,'02139,,F,1280779
9,9/15/2013 12:02:00,67,33,R,'02139,,M,1280985
15,9/15/2013 12:17:00,33,4,R,'02118,,F,1281051
20,9/15/2013 14:45:00,4,46,C,,,,1282049
10,9/15/2013 15:46:00,46,14,R,'02115,,F,1282484
14,9/15/2013 16:02:00,14,16,R,'02116,,M,1282586
23,9/15/2013 16:46:00,16,29,R,'02163,,F,1282858
4,9/15/2013 22:09:00,29,15,R,'02139,,M,1284145
18,9/17/2013 07:53:00,114,46,R,'01810,,M,1289375
10,9/17/2013 09:50:00,46,54,R,'02115,,M,1290274
28,9/17/2013 10:42:00,54,22,C,,,,1290469
3,9/17/2013 11:54:00,22,64,R,'02125,,M,1290750
13,9/17/2013 15:42:00,64,39,R,'02118,,M,1291699
5,9/18/2013 08:10:00,22,31,R,'02048,,M,1294855
6,9/18/2013 08:38:00,31,48,R,'02110,,M,1295150
14,9/18/2013 17:13:00,14,39,R,'02118,,M,1297472
3,9/18/2013 17:35:00,39,25,R,'02118,,M,1297738
11,9/19/2013 11:49:00,25,33,R,'02118,,M,1301246
10,9/23/2013 17:24:00,59,114,C,,,,1321642
5,9/23/2013 17:47:00,114,112,R,'02114,,M,1321900
8,9/23/2013 17:54:00,112,114,R,'01890,,M,1321975
34,9/23/2013 18:37:00,64,141,R,'02135,,M,1322367
3,9/24/2013 09:21:00,141,139,R,'02144,,M,1324428
63,9/24/2013 15:29:00,139,73,R,'02144,,M,1325733
20,9/24/2013 17:43:00,73,137,R,'02138,,M,1326743
6,9/24/2013 23:57:00,137,79,C,,,,1328172
16,9/25/2013 08:08:00,79,112,R,'02144,,M,1328763
9,9/25/2013 16:32:00,113,103,R,'02138,,F,1331088
11,9/25/2013 17:20:00,103,68,R,'01915,,F,1331524
15,9/25/2013 17:58:00,68,75,R,'02139,,M,1331923
9,9/25/2013 18:31:00,75,29,R,'02139,,M,1332176
11,9/25/2013 18:54:00,29,68,R,'02139,,M,1332337
15,9/25/2013 19:26:00,68,5,R,'02139,,M,1332508
14,9/25/2013 19:52:00,5,128,R,'02142,,M,1332629
8,9/25/2013 20:19:00,128,128,R,'02446,,M,1332737
10,9/25/2013 20:42:00,128,131,R,'02139,,M,1332801
25,9/26/2013 13:41:00,131,3,C,,,,1335410
21,9/26/2013 14:23:00,3,81,R,'02111,,M,1335587
7,9/26/2013 19:11:00,81,39,R,'02118,,M,1337592
12,9/27/2013 06:54:00,39,54,R,'02118,,M,1338568
8,9/27/2013 07:59:00,54,4,R,'02155,,F,1338862
5,9/27/2013 08:17:00,4,59,R,'02118,,M,1339020
7,9/30/2013 14:25:00,59,40,R,'02111,,M,1353897
26,9/30/2013 15:20:00,40,133,R,'02113,,M,1354094
26,9/30/2013 20:42:00,133,78,R,'02138,,M,1356131
25,10/1/2013 09:48:00,78,75,R,'02143,,F,1357895
11,10/1/2013 11:26:00,75,96,R,'02140,,M,1358182
22,10/1/2013 11:40:00,96,88,R,'02140,,M,1358226
11,10/1/2013 12:49:00,88,137,R,'02140,,M,1358519
6,10/1/2013 19:22:00,67,68,R,'02139,,M,1361016
12,10/1/2013 20:24:00,68,71,R,'02446,,F,1361320
11,10/2/2013 06:33:00,71,73,R,'02143,,F,1361939
16,10/2/2013 07:12:00,73,139,R,'02144,,M,1362055
5,10/2/2013 13:11:00,143,139,R,'02144,,M,1363975
5,10/2/2013 23:48:00,139,138,R,'02143,,M,1367184
7,10/3/2013 07:11:00,138,132,R,'02138,,F,1367469
9,10/3/2013 17:44:00,11,10,R,'02141,,M,1371193
6,10/3/2013 18:03:00,10,32,R,'02215,,M,1371376
28,10/3/2013 20:11:00,32,139,R,'02139,,M,1372174
11,10/3/2013 21:53:00,139,135,R,'02139,,M,1372505
11,10/7/2013 16:32:00,80,46,R,'02115,,M,1386248
9,10/7/2013 17:08:00,46,68,R,'02143,,M,1386562
27,10/7/2013 17:24:00,68,126,R,'02135,,M,1386764
8,10/7/2013 22:27:00,126,127,R,'02134,,F,1388146
19,10/8/2013 08:14:00,127,36,R,'02446,,M,1388894
7,10/8/2013 08:59:00,36,33,R,'02215,,M,1389338
5,10/8/2013 10:43:00,33,67,R,'02215,,M,1389841
2,10/8/2013 11:35:00,67,53,R,,,M,1390018
9,10/8/2013 11:50:00,53,42,C,'02493,,,1390077
11,10/8/2013 19:21:00,42,111,R,'01773,,M,1392718
16,10/9/2013 08:10:00,57,24,R,'02118,,M,1393985
29,10/9/2013 15:24:00,24,40,R,'02113,,F,1396008
5,10/9/2013 17:09:00,48,40,R,'02113,,M,1396637
16,10/10/2013 08:01:00,40,84,R,'04107,,M,1398877
4,10/10/2013 13:30:00,135,76,R,'02139,,F,1400498
7,10/10/2013 19:09:00,67,46,R,'01965,,F,1402568
79,10/11/2013 07:08:00,46,7,R,'01604,,M,1403624
12,10/11/2013 10:10:00,53,74,C,,,,1404711
9,10/11/2013 10:26:00,74,135,R,'02138,,M,1404763
3,10/11/2013 12:12:00,135,96,R,'02139,,F,1405167
4,10/11/2013 13:59:00,96,76,R,'02139,,M,1405629
17,10/11/2013 14:38:00,76,32,R,'02143,,F,1405802
15,10/11/2013 16:57:00,32,75,R,'01451,,F,1406696
15,10/11/2013 17:31:00,75,131,C,,,,1407022
55,10/12/2013 14:14:00,131,31,C,,,,1409921
25,10/12/2013 17:08:00,33,114,C,,,,1410599
4,10/12/2013 21:09:00,114,98,R,'01867,,M,1411141
19,10/12/2013 23:36:00,98,103,R,'02129,,M,1411319
66,10/13/2013 00:59:00,103,42,C,,,,1411471
20,10/13/2013 02:07:00,42,68,C,,,,1411573
24,10/13/2013 12:05:00,68,102,R,'02143,,F,1412334
20,10/13/2013 13:41:00,102,74,R,'02118,,M,1412886
21,10/13/2013 14:12:00,74,145,R,'02138,,M,1413045
14,10/13/2013 15:03:00,145,133,C,,,,1413335
25,10/13/2013 15:19:00,133,130,C,,,,1413420
24,10/13/2013 17:17:00,130,9,C,,,,1414147
19,10/13/2013 19:03:00,9,42,C,,,,1414655
52,10/13/2013 19:26:00,42,42,C,,,,1414743
12,10/14/2013 13:20:00,25,36,R,'02134,,M,1416951
12,10/14/2013 13:54:00,36,33,C,,,,1417144
57,10/14/2013 14:59:00,33,33,C,,,,1417458
12,10/14/2013 16:08:00,33,66,R,'02134,,M,1417841
7,10/14/2013 16:49:00,66,41,R,'02134,,M,1418064
5,10/14/2013 17:07:00,41,66,R,'02134,,M,1418176
19,10/15/2013 00:19:00,66,73,C,,,,1419464
5,10/15/2013 08:04:00,73,87,R,'02139,,M,1420038
5,10/15/2013 08:11:00,87,68,R,'02138,,M,1420103
10,10/15/2013 08:39:00,68,46,R,'01776,,M,1420376
28,10/15/2013 09:45:00,46,48,R,'02118,,M,1420800
4,10/15/2013 10:18:00,48,20,R,,,M,1420928
3,10/15/2013 12:41:00,20,40,R,'02109,,M,1421406
10,10/15/2013 13:57:00,40,6,R,'02053,,M,1421705
13,10/15/2013 14:56:00,6,115,C,,,,1421904
7,10/15/2013 15:57:00,115,114,R,'02155,,F,1422189
9,10/16/2013 06:53:00,114,64,R,'01940,,M,1424567
10,10/16/2013 07:33:00,114,26,R,'01845,,M,1424715
8,10/16/2013 07:43:00,26,22,R,'02118,,F,1424795
3,10/16/2013 08:13:00,22,43,R,'02125,,M,1425023
7,10/16/2013 08:23:00,43,98,C,'02139,,,1425134
8,10/16/2013 09:04:00,98,44,R,'02129,,M,1425505
6,10/16/2013 09:12:00,44,64,R,'02155,,M,1425569
80,10/16/2013 11:57:00,44,99,R,'02127,,F,1426145
6,10/16/2013 14:38:00,99,47,R,'02108,,M,1426782
11,10/16/2013 15:00:00,47,94,R,'02108,,M,1426859
8,10/16/2013 17:11:00,84,128,C,,,,1427557
15,10/16/2013 17:24:00,128,114,R,'01890,,M,1427702
5,10/16/2013 18:09:00,48,40,R,'02113,,M,1428143
11,10/17/2013 08:03:00,40,31,R,'02113,,F,1429832
21,10/17/2013 17:03:00,31,75,R,'02139,,M,1432405
12,10/17/2013 17:26:00,75,16,R,'02806,,M,1432688
12,10/17/2013 18:10:00,16,43,R,'02025,,M,1433123
11,10/17/2013 18:38:00,43,106,R,'02043,,M,1433354
5,10/18/2013 06:56:00,106,63,R,'02050,,M,1434524
27,10/18/2013 07:33:00,63,14,R,'02127,,F,1434662
8,10/18/2013 13:10:00,14,55,R,'02129,,M,1436530
6,10/18/2013 13:56:00,55,32,C,,,,1436772
11,10/18/2013 16:56:00,32,80,R,'02139,,M,1437874
13,10/18/2013 17:08:00,80,131,C,'01960,,,1437981
6,10/18/2013 22:32:00,10,41,R,'02134,,M,1439591
14,10/19/2013 07:35:00,41,36,R,'02134,,M,1440034
22,10/19/2013 11:56:00,36,9,C,,,,1441003
159,10/19/2013 12:22:00,9,69,C,'02113,,,1441199
4,10/19/2013 16:14:00,69,126,R,,,M,1443001
10,10/19/2013 18:31:00,126,33,R,'02445,,M,1443886
22,10/19/2013 21:32:00,33,118,R,'02129,,M,1444559
6,10/20/2013 09:42:00,118,114,R,'02129,,M,1445623
531,10/20/2013 12:46:00,114,44,C,'02130,,,1446467
7,10/21/2013 02:10:00,44,98,C,,,,1449111
8,10/21/2013 08:20:00,98,43,R,'02144,,M,1449736
12,10/21/2013 08:45:00,43,72,R,'02129,,F,1449959
13,10/21/2013 14:14:00,72,96,C,,,,1451326
19,10/21/2013 14:32:00,96,73,C,,,,1451390
16,10/21/2013 15:52:00,73,116,R,'02119,,M,1451709
7,10/21/2013 16:42:00,116,103,R,'02108,,M,1451985
12,10/21/2013 17:26:00,103,75,R,'02139,,M,1452461
10,10/21/2013 18:02:00,75,36,R,'02026,,M,1452827
5,10/21/2013 18:49:00,36,46,R,'02115,,M,1453170
18,10/21/2013 21:38:00,46,66,C,,,,1453728
19,10/21/2013 23:44:00,66,46,C,,,,1453892
5,10/22/2013 09:26:00,46,45,R,'02115,,M,1455165
5,10/22/2013 12:54:00,45,103,R,'02215,,M,1455961
3,10/22/2013 14:50:00,103,36,R,'02140,,M,1456401
11,10/22/2013 14:58:00,36,59,R,'02144,,M,1456435
11,10/22/2013 16:13:00,59,6,R,'02114,,M,1456751
15,10/22/2013 16:58:00,6,33,R,'10036,,M,1457072
7,10/22/2013 17:55:00,33,9,R,'02446,,M,1457709
14,10/22/2013 19:26:00,9,129,R,'02140,,F,1458230
5,10/22/2013 19:42:00,129,73,R,'02140,,F,1458313
10,10/22/2013 19:51:00,73,137,R,'02140,,F,1458347
7,10/22/2013 20:56:00,137,132,R,'02452,,M,1458553
10,10/22/2013 21:55:00,132,90,R,'02141,,M,1458686
9,10/23/2013 08:58:00,90,136,R,'01746,,M,1459968
3,10/23/2013 09:52:00,136,80,R,'02142,,M,1460227
15,10/23/2013 11:31:00,80,25,C,'02139,,,1460535
13,10/23/2013 14:36:00,25,25,R,'02118,,M,1461173
14,10/23/2013 16:55:00,25,32,R,'02118,,M,1461715
14,10/23/2013 19:28:00,32,25,R,'02118,,M,1462935
2,10/24/2013 19:30:00,14,3,R,'02113,,M,1467667
15,10/24/2013 20:41:00,3,66,R,,,M,1467918
13,10/25/2013 07:49:00,66,11,R,'02116,,M,1468719
13,10/25/2013 20:09:00,103,27,R,'02116,,M,1472237
7,10/26/2013 16:52:00,27,86,R,'02143,,M,1474677
10,10/26/2013 22:59:00,86,5,R,'02143,,M,1475583
19,10/26/2013 23:36:00,5,8,R,'02143,,M,1475618
13,10/27/2013 00:52:00,8,5,R,'02143,,M,1475743
30,10/27/2013 02:28:00,5,132,R,'02138,,F,1475879
37,10/27/2013 10:59:00,132,95,R,'02139,,M,1476294
11,10/27/2013 13:56:00,95,90,C,,,,1477021
12,10/27/2013 14:10:00,90,6,C,,,,1477076
17,10/27/2013 14:38:00,6,103,C,,,,1477195
16,10/28/2013 09:32:00,98,103,R,'02129,,M,1479553
9,10/28/2013 17:42:00,103,44,R,'02113,,M,1481570
5,10/29/2013 08:32:00,44,64,R,'02215,,M,1483255
5,10/29/2013 15:44:00,112,64,R,'02130,,M,1484803
10,10/29/2013 16:20:00,64,114,R,'02451,,M,1484956
8,10/30/2013 06:31:00,114,64,R,'01982,,M,1486709
10,10/30/2013 14:02:00,53,76,R,'02115,,M,1487950
11,10/30/2013 15:01:00,76,53,R,'02115,,M,1488070
10,10/30/2013 15:54:00,53,80,R,'02215,,M,1488244
5,10/30/2013 17:03:00,80,53,R,'02445,,M,1488640
5,10/30/2013 19:50:00,72,91,C,,,,1489861
3,10/30/2013 21:01:00,91,136,R,'02139,,M,1490074
9,10/30/2013 22:39:00,136,129,R,'02138,,M,1490268
19,10/31/2013 09:38:00,129,10,R,'02139,,F,1491793
12,10/31/2013 10:13:00,10,80,R,'02446,,F,1491938
17,11/1/2013 06:43:00,134,96,R,'02140,,M,1494621
5,11/1/2013 09:10:00,96,76,R,'02139,,M,1495340
5,11/1/2013 09:52:00,76,80,C,,,,1495496
96,11/1/2013 11:16:00,58,58,C,,,,1495706
4,11/1/2013 12:59:00,58,81,R,'02116,,M,1495931
6,11/1/2013 14:06:00,81,64,R,'02420,,M,1496101
5,11/1/2013 15:10:00,64,81,R,'02118,,M,1496281
6,11/1/2013 16:01:00,81,64,R,'02118,,M,1496470
3,11/1/2013 16:36:00,64,22,R,'02118,,M,1496687
27,11/1/2013 16:51:00,22,42,R,'02118,,M,1496791
14,11/1/2013 17:23:00,42,72,C,,,,1497071
5,11/1/2013 17:51:00,72,90,R,'02141,,M,1497314
22,11/1/2013 18:04:00,90,4,R,'02116,,M,1497417
4,11/1/2013 19:15:00,4,25,R,'02215,,M,1497802
24,11/1/2013 20:01:00,25,94,C,,,,1497969
8,11/1/2013 20:41:00,94,99,R,'02215,,M,1498079
49,11/2/2013 00:59:00,99,53,C,,,,1498544
4,11/2/2013 11:34:00,53,67,R,'02215,,M,1499615
25,11/2/2013 13:19:00,67,5,R,'02139,,M,1500368
10,11/2/2013 15:34:00,5,67,R,'02139,,M,1501355
15,11/3/2013 21:52:00,67,71,R,'02143,,M,1505065
10,11/4/2013 06:36:00,71,73,R,'02143,,F,1505287
11,11/4/2013 10:13:00,73,128,R,'02139,,M,1506268
2,11/4/2013 14:54:00,128,80,R,'02138,,M,1506939
22,11/4/2013 16:17:00,80,140,R,'02144,,M,1507149
3,11/4/2013 17:39:00,140,142,R,'02144,,M,1507634
3,11/5/2013 08:06:00,142,139,R,'02144,,M,1508947
13,11/5/2013 08:35:00,139,95,C,,,,1509174
8,11/5/2013 08:58:00,95,67,R,'02141,,M,1509360
5,11/5/2013 13:08:00,75,80,R,'02139,,M,1510147
4,11/5/2013 13:26:00,80,75,C,,,,1510197
15,11/5/2013 15:00:00,75,102,R,'02199,,M,1510477
3,11/5/2013 15:36:00,102,26,R,'02118,,M,1510582
6,11/5/2013 17:22:00,26,16,C,,,,1511184
17,11/6/2013 06:46:00,16,128,R,'02110,,M,1512502
12,11/6/2013 07:48:00,128,78,R,'02130,,F,1512736
15,11/6/2013 09:55:00,78,70,R,'02143,,F,1513551
14,11/6/2013 14:59:00,70,9,R,'02446,,M,1514416
20,11/6/2013 16:18:00,9,114,R,'04032,,M,1514700
11,11/7/2013 08:56:00,114,64,R,'02451,,M,1517291
4,11/7/2013 14:43:00,64,48,R,'02116,,F,1517973
27,11/7/2013 16:22:00,48,127,R,'02446,,M,1518105
6,11/8/2013 01:13:00,127,86,R,'02123,,M,1519125
13,11/8/2013 08:13:00,86,131,R,'02445,,M,1519604
10,11/8/2013 08:37:00,131,128,R,'02445,,M,1519773
20,11/8/2013 09:02:00,128,128,C,,,,1519950
6,11/8/2013 10:40:00,128,84,R,'02142,,M,1520308
15,11/8/2013 17:37:00,84,128,C,,,,1521871
14,11/8/2013 17:59:00,128,36,R,'02134,,M,1522016
8,11/9/2013 00:41:00,36,21,C,,,,1522737
12,11/9/2013 07:39:00,21,113,R,'02115,,F,1522977
11,11/9/2013 14:32:00,113,103,R,'02114,,M,1523978
6,11/9/2013 16:17:00,103,4,R,'02118,,M,1524322
26,11/9/2013 18:59:00,4,143,R,'02139,,M,1524699
28,11/10/2013 18:19:00,143,54,R,'02139,,F,1526999
10,11/11/2013 10:29:00,47,90,R,'02109,,M,1528270
7,11/11/2013 11:48:00,90,91,R,'01746,,M,1528464
11,11/11/2013 17:34:00,91,99,R,'02128,,M,1529701
13,11/11/2013 18:11:00,99,75,R,'02118,,F,1529890
13,11/11/2013 19:08:00,75,57,R,'02118,,F,1530124
18,11/13/2013 15:44:00,90,55,R,'02141,,M,1534459
7,11/13/2013 16:58:00,55,32,R,'02215,,M,1534684
12,11/13/2013 18:51:00,32,36,R,'02115,,F,1535236
11,11/14/2013 02:09:00,36,90,R,'02134,,M,1535731
30,11/14/2013 08:34:00,94,74,R,'02129,,F,1536261
13,11/14/2013 10:41:00,74,91,R,'02141,,M,1536747
2,11/14/2013 11:00:00,91,80,R,'02139,,M,1536782
5,11/14/2013 18:39:00,67,91,R,'02139,,M,1538325
9,11/14/2013 19:09:00,91,53,R,'02215,,M,1538456
4,11/14/2013 22:43:00,53,67,R,'02139,,M,1538886
6,11/14/2013 23:12:00,67,33,R,'02215,,M,1538911
2,11/15/2013 02:27:00,33,45,R,'02215,,M,1539005
17,11/15/2013 08:42:00,45,70,R,'02215,,M,1539624
20,11/15/2013 15:21:00,70,45,R,'02215,,M,1541067
7,11/15/2013 17:16:00,45,46,R,'02115,,F,1541739
22,11/15/2013 17:31:00,46,45,C,,,,1541854
16,11/15/2013 19:07:00,45,54,R,'02115,,M,1542332
7,11/15/2013 22:31:00,49,16,R,'01760,,M,1542804
3,11/16/2013 13:31:00,16,50,R,'02118,,M,1544062
12,11/16/2013 14:10:00,50,64,R,'02199,,M,1544241
3,11/17/2013 12:52:00,64,64,R,'02446,,F,1546982
8,11/17/2013 14:51:00,64,54,R,'02210,,M,1547449
29,11/17/2013 18:07:00,54,54,C,,,,1547852
10,11/17/2013 19:23:00,54,36,R,'02130,,F,1547976
19,11/17/2013 19:35:00,36,125,R,'02130,,F,1547999
12,11/17/2013 19:55:00,125,120,R,'02130,,F,1548025
5,11/18/2013 07:31:00,120,122,R,'02130,,F,1548312
10,11/18/2013 10:23:00,122,14,R,'02467,,M,1548933
24,11/18/2013 15:51:00,14,6,R,'02108,,F,1549827
12,11/18/2013 16:47:00,6,16,R,'02481,,M,1550040
22,11/18/2013 17:06:00,16,121,R,'02130,,M,1550151
4,11/21/2013 08:34:00,16,21,R,'02356,,M,1557039
14,11/21/2013 16:36:00,21,114,R,'01930,,M,1558141
15,11/21/2013 18:05:00,48,47,R,'01867,,M,1558543
18,11/22/2013 01:26:00,47,27,R,'02123,,M,1559181
14,11/22/2013 11:37:00,27,63,R,'02123,,M,1559575
11,11/22/2013 13:39:00,63,12,R,'02123,,M,1559665
12,11/22/2013 14:22:00,46,27,C,,,,1559705
14,11/22/2013 16:32:00,27,124,C,,,,1559907
