day,16,17,18,19,20,21,22,23,24,25,26,27,28,29,30,31,32,33,34,35,36,37,38,39,40,41,42,43,44,45,46,47,48,49,50,51,52,53,54,55,56,57,58,59,60,61,62,63,64,65,66,67,68,69,70,71,72,73,74,75,76,77,78,79,80
1/1,0,0,0,0,0,0,0,0,0,0,0,0,0,0,0,0,0,0,0,0,0,0,0,0,0,0,0,0,0,0,0,0,0,0,0,0,0,0,0,0,0,0,0,0,0,0,0,0,0,0,0,0,0,0,0,0,0,0,0,0,0,0,0,0,0
1/2,0,0,0,0,0,0,0,0,0,0,0,0,0,0,0,0,0,0,0,0,0,0,0,0,0,0,0,0,0,0,0,0,0,0,0,0,0,0,0,0,0,0,0,0,0,0,0,0,0,0,0,0,0,0,0,0,0,0,0,0,0,0,0,0,0
1/3,0,0,0,0,0,0,0,0,0,0,0,0,0,0,0,0,0,0,0,0,0,0,0,0,0,0,0,0,0,0,0,0,0,0,0,0,0,0,0,0,0,0,0,0,0,0,0,0,0,0,0,0,0,0,0,0,0,0,0,0,0,0,0,0,0
1/4,0,0,0,0,0,0,0,0,0,0,0,0,0,0,0,0,0,0,0,0,0,0,0,0,0,0,0,0,0,0,0,0,0,0,0,0,0,0,0,0,0,0,0,0,0,0,0,0,0,0,0,0,0,0,0,0,0,0,0,0,0,0,0,0,0
1/5,0,0,0,0,0,0,0,0,0,0,0,0,0,0,0,0,0,0,0,0,0,0,0,0,0,0,0,0,0,0,0,0,0,0,0,0,0,0,0,0,0,0,0,0,0,0,0,0,0,0,0,0,0,0,0,0,0,0,0,0,0,0,0,0,0
1/6,0,0,0,0,0,0,0,0,0,0,0,0,0,0,0,0,0,0,0,0,0,0,0,0,0,0,0,0,0,0,0,0,0,0,0,0,0,0,0,0,0,0,0,0,0,0,0,0,0,0,0,0,0,0,0,0,0,0,0,0,0,0,0,0,0
1/7,0,0,0,0,0,0,0,0,0,0,0,0,0,0,0,0,0,0,0,0,0,0,0,0,0,0,0,0,0,0,0,0,0,0,0,0,0,0,0,0,0,0,0,0,0,0,0,0,0,0,0,0,0,0,0,0,0,0,0,0,0,0,0,0,0
1/8,0,0,0,0,0,0,0,0,0,0,0,0,0,0,0,0,0,0,0,0,0,0,0,0,0,0,0,0,0,0,0,0,0,0,0,0,0,0,0,0,0,0,0,0,0,0,0,0,0,0,0,0,0,0,0,0,0,0,0,0,0,0,0,0,0
1/9,0,0,0,0,0,0,0,0,0,0,0,0,0,0,0,0,0,0,0,0,0,0,0,0,0,0,0,0,0,0,0,0,0,0,0,0,0,0,0,0,0,0,0,0,0,0,0,0,0,0,0,0,0,0,0,0,0,0,0,0,0,0,0,0,0
1/10,0,0,0,0,0,0,0,0,0,0,0,0,0,0,0,0,0,0,0,0,0,0,0,0,0,0,0,0,0,0,0,0,0,0,0,0,0,0,0,0,0,0,0,0,0,0,0,0,0,0,0,0,0,0,0,0,0,0,0,0,0,0,0,0,0
1/11,0,0,0,0,0,0,0,0,0,0,0,0,0,0,0,0,0,0,0,0,0,0,0,0,0,0,0,0,0,0,0,0,0,0,0,0,0,0,0,0,0,0,0,0,0,0,0,0,0,0,0,0,0,0,0,0,0,0,0,0,0,0,0,0,0
1/12,0,0,0,0,0,0,0,0,0,0,0,0,0,0,0,0,0,0,0,0,0,0,0,0,0,0,0,0,0,0,0,0,0,0,0,0,0,0,0,0,0,0,0,0,0,0,0,0,0,0,0,0,0,0,0,0,0,0,0,0,0,0,0,0,0
1/13,0,0,0,0,0,0,0,0,0,0,0,0,0,0,0,0,0,0,0,0,0,0,0,0,0,0,0,0,0,0,0,0,0,0,0,0,0,0,0,0,0,0,0,0,0,0,0,0,0,0,0,0,0,0,0,0,0,0,0,0,0,0,0,0,0
1/14,0,0,0,0,0,0,0,0,0,0,0,0,0,0,0,0,0,0,0,0,0,0,0,0,0,0,0,0,0,0,0,0,0,0,0,0,0,0,0,0,0,0,0,0,0,0,0,0,0,0,0,0,0,0,0,0,0,0,0,0,0,0,0,0,0
1/15,0,0,0,0,0,0,0,0,0,0,0,0,0,0,0,0,0,0,0,0,0,0,0,0,0,0,0,0,0,0,0,0,0,0,0,0,0,0,0,0,0,0,0,0,0,0,0,0,0,0,0,0,0,0,0,0,0,0,0,0,0,0,0,0,0
1/16,0,0,0,0,0,0,0,0,0,0,0,0,0,0,0,0,0,0,0,0,0,0,0,0,0,0,0,0,0,0,0,0,0,0,0,0,0,0,0,0,0,0,0,0,0,0,0,0,0,0,0,0,0,0,0,0,0,0,0,0,0,0,0,0,0
1/17,0,0,0,0,0,0,0,0,0,0,0,0,0,0,0,0,0,0,0,0,0,0,0,0,0,0,0,0,0,0,0,0,0,0,0,0,0,0,0,0,0,0,0,0,0,0,0,0,0,0,0,0,0,0,0,0,0,0,0,0,0,0,0,0,0
1/18,0,0,0,0,0,0,0,0,0,0,0,0,0,0,0,0,0,0,0,0,0,0,0,0,0,0,0,0,0,0,0,0,0,0,0,0,0,0,0,0,0,0,0,0,0,0,0,0,0,0,0,0,0,0,0,0,0,0,0,0,0,0,0,0,0
1/19,0,0,0,0,0,0,0,0,0,0,0,0,0,0,0,0,0,0,0,0,0,0,0,0,0,0,0,0,0,0,0,0,0,0,0,0,0,0,0,0,0,0,0,0,0,0,0,0,0,0,0,0,0,0,0,0,0,0,0,0,0,0,0,0,0
1/20,0,0,0,0,0,0,0,0,0,0,0,0,0,0,0,0,0,0,0,0,0,0,0,0,0,0,0,0,0,0,0,0,0,0,0,0,0,0,0,0,0,0,0,0,0,0,0,0,0,0,0,0,0,0,0,0,0,0,0,0,0,0,0,0,0
1/21,0,0,0,0,0,0,0,0,0,0,0,0,0,0,0,0,0,0,0,0,0,0,0,0,0,0,0,0,0,0,0,0,0,0,0,0,0,0,0,0,0,0,0,0,0,0,0,0,0,0,0,0,0,0,0,0,0,0,0,0,0,0,0,0,0
1/22,0,0,0,0,0,0,0,0,0,0,0,0,0,0,0,0,0,0,0,0,0,0,0,0,0,0,0,0,0,0,0,0,0,0,0,0,0,0,0,0,0,0,0,0,0,0,0,0,0,0,0,0,0,0,0,0,0,0,0,0,0,0,0,0,0
1/23,0,0,0,0,0,0,0,0,0,0,0,0,0,0,0,0,0,0,0,0,0,0,0,0,0,0,0,0,0,0,0,0,0,0,0,0,0,0,0,0,0,0,0,0,0,0,0,0,0,0,0,0,0,0,0,0,0,0,0,0,0,0,0,0,0
1/24,0,0,0,0,0,0,0,0,0,0,0,0,0,0,0,0,0,0,0,0,0,0,0,0,0,0,0,0,0,0,0,0,0,0,0,0,0,0,0,0,0,0,0,0,0,0,0,0,0,0,0,0,0,0,0,0,0,0,0,0,0,0,0,0,0
1/25,0,0,0,0,0,0,0,0,0,0,0,0,0,0,0,0,0,0,0,0,0,0,0,0,0,0,0,0,0,0,0,0,0,0,0,0,0,0,0,0,0,0,0,0,0,0,0,0,0,0,0,0,0,0,0,0,0,0,0,0,0,0,0,0,0
1/26,0,0,0,0,0,0,0,0,0,0,0,0,0,0,0,0,0,0,0,0,0,0,0,0,0,0,0,0,0,0,0,0,0,0,0,0,0,0,0,0,0,0,0,0,0,0,0,0,0,0,0,0,0,0,0,0,0,0,0,0,0,0,0,0,0
1/27,0,0,0,0,0,0,0,0,0,0,0,0,0,0,0,0,0,0,0,0,0,0,0,0,0,0,0,0,0,0,0,0,0,0,0,0,0,0,0,0,0,0,0,0,0,0,0,0,0,0,0,0,0,0,0,0,0,0,0,0,0,0,0,0,0
1/28,0,0,0,0,0,0,0,0,0,0,0,0,0,0,0,0,0,0,0,0,0,0,0,0,0,0,0,0,0,0,0,0,0,0,0,0,0,0,0,0,0,0,0,0,0,0,0,0,0,0,0,0,0,0,0,0,0,0,0,0,0,0,0,0,0
1/29,0,0,0,0,0,0,0,0,0,0,0,0,0,0,0,0,0,0,0,0,0,0,0,0,0,0,0,0,0,0,0,0,0,0,0,0,0,0,0,0,0,0,0,0,0,0,0,0,0,0,0,0,0,0,0,0,0,0,0,0,0,0,0,0,0
1/30,0,0,0,0,0,0,0,0,0,0,0,0,0,0,0,0,0,0,0,0,0,0,0,0,0,0,0,0,0,0,0,0,0,0,0,0,0,0,0,0,0,0,0,0,0,0,0,0,0,0,0,0,0,0,0,0,0,0,0,0,0,0,0,0,0
1/31,0,0,0,0,0,0,0,0,0,0,0,0,0,0,0,0,0,0,0,0,0,0,0,0,0,0,0,0,0,0,0,0,0,0,0,0,0,0,0,0,0,0,0,0,0,0,0,0,0,0,0,0,0,0,0,0,0,0,0,0,0,0,0,0,0
2/1,0,0,0,0,0,0,0,0,0,0,0,0,0,0,0,0,0,0,0,0,0,0,0,0,0,0,0,0,0,0,0,0,0,0,0,0,0,0,0,0,0,0,0,0,0,0,0,0,0,0,0,0,0,0,0,0,0,0,0,0,0,0,0,0,0
2/2,0,0,0,0,0,0,0,0,0,0,0,0,0,0,0,0,0,0,0,0,0,0,0,0,0,0,0,0,0,0,0,0,0,0,0,0,0,0,0,0,0,0,0,0,0,0,0,0,0,0,0,0,0,0,0,0,0,0,0,0,0,0,0,0,0
2/3,0,0,0,0,0,0,0,0,0,0,0,0,0,0,0,0,0,0,0,0,0,0,0,0,0,0,0,0,0,0,0,0,0,0,0,0,0,0,0,0,0,0,0,0,0,0,0,0,0,0,0,0,0,0,0,0,0,0,0,0,0,0,0,0,0
2/4,0,0,0,0,0,0,0,0,0,0,0,0,0,0,0,0,0,0,0,0,0,0,0,0,0,0,0,0,0,0,0,0,0,0,0,0,0,0,0,0,0,0,0,0,0,0,0,0,0,0,0,0,0,0,0,0,0,0,0,0,0,0,0,0,0
2/5,0,0,0,0,0,0,0,0,0,0,0,0,0,0,0,0,0,0,0,0,0,0,0,0,0,0,0,0,0,0,0,0,0,0,0,0,0,0,0,0,0,0,0,0,0,0,0,0,0,0,0,0,0,0,0,0,0,0,0,0,0,0,0,0,0
2/6,0,0,0,0,0,0,0,0,0,0,0,0,0,0,0,0,0,0,0,0,0,0,0,0,0,0,0,0,0,0,0,0,0,0,0,0,0,0,0,0,0,0,0,0,0,0,0,0,0,0,0,0,0,0,0,0,0,0,0,0,0,0,0,0,0
2/7,0,0,0,0,0,0,0,0,0,0,0,0,0,0,0,0,0,0,0,0,0,0,0,0,0,0,0,0,0,0,0,0,0,0,0,0,0,0,0,0,0,0,0,0,0,0,0,0,0,0,0,0,0,0,0,0,0,0,0,0,0,0,0,0,0
2/8,0,0,0,0,0,0,0,0,0,0,0,0,0,0,0,0,0,0,0,0,0,0,0,0,0,0,0,0,0,0,0,0,0,0,0,0,0,0,0,0,0,0,0,0,0,0,0,0,0,0,0,0,0,0,0,0,0,0,0,0,0,0,0,0,0
2/9,0,0,0,0,0,0,0,0,0,0,0,0,0,0,0,0,0,0,0,0,0,0,0,0,0,0,0,0,0,0,0,0,0,0,0,0,0,0,0,0,0,0,0,0,0,0,0,0,0,0,0,0,0,0,0,0,0,0,0,0,0,0,0,0,0
2/10,0,0,0,0,0,0,0,0,0,0,0,0,0,0,0,0,0,0,0,0,0,0,0,0,0,0,0,0,0,0,0,0,0,0,0,0,0,0,0,0,0,0,0,0,0,0,0,0,0,0,0,0,0,0,0,0,0,0,0,0,0,0,0,0,0
2/11,0,0,0,0,0,0,0,0,0,0,0,0,0,0,0,0,0,0,0,0,0,0,0,0,0,0,0,0,0,0,0,0,0,0,0,0,0,0,0,0,0,0,0,0,0,0,0,0,0,0,0,0,0,0,0,0,0,0,0,0,0,0,0,0,0
2/12,0,0,0,0,0,0,0,0,0,0,0,0,0,0,0,0,0,0,0,0,0,0,0,0,0,0,0,0,0,0,0,0,0,0,0,0,0,0,0,0,0,0,0,0,0,0,0,0,0,0,0,0,0,0,0,0,0,0,0,0,0,0,0,0,0
2/13,0,0,0,0,0,0,0,0,0,0,0,0,0,0,0,0,0,0,0,0,0,0,0,0,0,0,0,0,0,0,0,0,0,0,0,0,0,0,0,0,0,0,0,0,0,0,0,0,0,0,0,0,0,0,0,0,0,0,0,0,0,0,0,0,0
2/14,0,0,0,0,0,0,0,0,0,0,0,0,0,0,0,0,0,0,0,0,0,0,0,0,0,0,0,0,0,0,0,0,0,0,0,0,0,0,0,0,0,0,0,0,0,0,0,0,0,0,0,0,0,0,0,0,0,0,0,0,0,0,0,0,0
2/15,0,0,0,0,0,0,0,0,0,0,0,0,0,0,0,0,0,0,0,0,0,0,0,0,0,0,0,0,0,0,0,0,0,0,0,0,0,0,0,0,0,0,0,0,0,0,0,0,0,0,0,0,0,0,0,0,0,0,0,0,0,0,0,0,0
2/16,0,0,0,0,0,0,0,0,0,0,0,0,0,0,0,0,0,0,0,0,0,0,0,0,0,0,0,0,0,0,0,0,0,0,0,0,0,0,0,0,0,0,0,0,0,0,0,0,0,0,0,0,0,0,0,0,0,0,0,0,0,0,0,0,0
2/17,0,0,0,0,0,0,0,0,0,0,0,0,0,0,0,0,0,0,0,0,0,0,0,0,0,0,0,0,0,0,0,0,0,0,0,0,0,0,0,0,0,0,0,0,0,0,0,0,0,0,0,0,0,0,0,0,0,0,0,0,0,0,0,0,0
2/18,0,0,0,0,0,0,0,0,0,0,0,0,0,0,0,0,0,0,0,0,0,0,0,0,0,0,0,0,0,0,0,0,0,0,0,0,0,0,0,0,0,0,0,0,0,0,0,0,0,0,0,0,0,0,0,0,0,0,0,0,0,0,0,0,0
2/19,0,0,0,0,0,0,0,0,0,0,0,0,0,0,0,0,0,0,0,0,0,0,0,0,0,0,0,0,0,0,0,0,0,0,0,0,0,0,0,0,0,0,0,0,0,0,0,0,0,0,0,0,0,0,0,0,0,0,0,0,0,0,0,0,0
2/20,0,0,0,0,0,0,0,0,0,0,0,0,0,0,0,0,0,0,0,0,0,0,0,0,0,0,0,0,0,0,0,0,0,0,0,0,0,0,0,0,0,0,0,0,0,0,0,0,0,0,0,0,0,0,0,0,0,0,0,0,0,0,0,0,0
2/21,0,0,0,0,0,0,0,0,0,0,0,0,0,0,0,0,0,0,0,0,0,0,0,0,0,0,0,0,0,0,0,0,0,0,0,0,0,0,0,0,0,0,0,0,0,0,0,0,0,0,0,0,0,0,0,0,0,0,0,0,0,0,0,0,0
2/22,0,0,0,0,0,0,0,0,0,0,0,0,0,0,0,0,0,0,0,0,0,0,0,0,0,0,0,0,0,0,0,0,0,0,0,0,0,0,0,0,0,0,0,0,0,0,0,0,0,0,0,0,0,0,0,0,0,0,0,0,0,0,0,0,0
2/23,0,0,0,0,0,0,0,0,0,0,0,0,0,0,0,0,0,0,0,0,0,0,0,0,0,0,0,0,0,0,0,0,0,0,0,0,0,0,0,0,0,0,0,0,0,0,0,0,0,0,0,0,0,0,0,0,0,0,0,0,0,0,0,0,0
2/24,0,0,0,0,0,0,0,0,0,0,0,0,0,0,0,0,0,0,0,0,0,0,0,0,0,0,0,0,0,0,0,0,0,0,0,0,0,0,0,0,0,0,0,0,0,0,0,0,0,0,0,0,0,0,0,0,0,0,0,0,0,0,0,0,0
2/25,0,0,0,0,0,0,0,0,0,0,0,0,0,0,0,0,0,0,0,0,0,0,0,0,0,0,0,0,0,0,0,0,0,0,0,0,0,0,0,0,0,0,0,0,0,0,0,0,0,0,0,0,0,0,0,0,0,0,0,0,0,0,0,0,0
2/26,0,0,0,0,0,0,0,0,0,0,0,0,0,0,0,0,0,0,0,0,0,0,0,0,0,0,0,0,0,0,0,0,0,0,0,0,0,0,0,0,0,0,0,0,0,0,0,0,0,0,0,0,0,0,0,0,0,0,0,0,0,0,0,0,0
2/27,0,0,0,0,0,0,0,0,0,0,0,0,0,0,0,0,0,0,0,0,0,0,0,0,0,0,0,0,0,0,0,0,0,0,0,0,0,0,0,0,0,0,0,0,0,0,0,0,0,0,0,0,0,0,0,0,0,0,0,0,0,0,0,0,0
2/28,0,0,0,0,0,0,0,0,0,0,0,0,0,0,0,0,0,0,0,0,0,0,0,0,0,0,0,0,0,0,0,0,0,0,0,0,0,0,0,0,0,0,0,0,0,0,0,0,0,0,0,0,0,0,0,0,0,0,0,0,0,0,0,0,0
3/1,0,0,0,0,0,0,0,0,0,0,0,0,0,0,0,0,0,0,0,0,0,0,0,0,0,0,0,0,0,0,0,0,0,0,0,0,0,0,0,0,0,0,0,0,0,0,0,0,0,0,0,0,0,0,0,0,0,0,0,0,0,0,0,0,0
3/2,0,0,0,0,0,0,0,0,0,0,0,0,0,0,0,0,0,0,0,0,0,0,0,0,0,0,0,0,0,0,0,0,0,0,0,0,0,0,0,0,0,0,0,0,0,0,0,0,0,0,0,0,0,0,0,0,0,0,0,0,0,0,0,0,0
3/3,0,0,0,0,0,0,0,0,0,0,0,0,0,0,0,0,0,0,0,0,0,0,0,0,0,0,0,0,0,0,0,0,0,0,0,0,0,0,0,0,0,0,0,0,0,0,0,0,0,0,0,0,0,0,0,0,0,0,0,0,0,0,0,0,0
3/4,0,0,0,0,0,0,0,0,0,0,0,0,0,0,0,0,0,0,0,0,0,0,0,0,0,0,0,0,0,0,0,0,0,0,0,0,0,0,0,0,0,0,0,0,0,0,0,0,0,0,0,0,0,0,0,0,0,0,0,0,0,0,0,0,0
3/5,0,0,0,0,0,0,0,0,0,0,0,0,0,0,0,0,0,0,0,0,0,0,0,0,0,0,0,0,0,0,0,0,0,0,0,0,0,0,0,0,0,0,0,0,0,0,0,0,0,0,0,0,0,0,0,0,0,0,0,0,0,0,0,0,0
3/6,0,0,0,0,0,0,0,0,0,0,0,0,0,0,0,0,0,0,0,0,0,0,0,0,0,0,0,0,0,0,0,0,0,0,0,0,0,0,0,0,0,0,0,0,0,0,0,0,0,0,0,0,0,0,0,0,0,0,0,0,0,0,0,0,0
3/7,0,0,0,0,0,0,0,0,0,0,0,0,0,0,0,0,0,0,0,0,0,0,0,0,0,0,0,0,0,0,0,0,0,0,0,0,0,0,0,0,0,0,0,0,0,0,0,0,0,0,0,0,0,0,0,0,0,0,0,0,0,0,0,0,0
3/8,0,0,0,0,0,0,0,0,0,0,0,0,0,0,0,0,0,0,0,0,0,0,0,0,0,0,0,0,0,0,0,0,0,0,0,0,0,0,0,0,0,0,0,0,0,0,0,0,0,0,0,0,0,0,0,0,0,0,0,0,0,0,0,0,0
3/9,0,0,0,0,0,0,0,0,0,0,0,0,0,0,0,0,0,0,0,0,0,0,0,0,0,0,0,0,0,0,0,0,0,0,0,0,0,0,0,0,0,0,0,0,0,0,0,0,0,0,0,0,0,0,0,0,0,0,0,0,0,0,0,0,0
3/10,0,0,0,0,0,0,0,0,0,0,0,0,0,0,0,0,0,0,0,0,0,0,0,0,0,0,0,0,0,0,0,0,0,0,0,0,0,0,0,0,0,0,0,0,0,0,0,0,0,0,0,0,0,0,0,0,0,0,0,0,0,0,0,0,0
3/11,0,0,0,0,0,0,0,0,0,0,0,0,0,0,0,0,0,0,0,0,0,0,0,0,0,0,0,0,0,0,0,0,0,0,0,0,0,0,0,0,0,0,0,0,0,0,0,0,0,0,0,0,0,0,0,0,0,0,0,0,0,0,0,0,0
3/12,0,0,0,0,0,0,0,0,0,0,0,0,0,0,0,0,0,0,0,0,0,0,0,0,0,0,0,0,0,0,0,0,0,0,0,0,0,0,0,0,0,0,0,0,0,0,0,0,0,0,0,0,0,0,0,0,0,0,0,0,0,0,0,0,0
3/13,0,0,0,0,0,0,0,1,0,0,0,0,0,0,0,0,0,0,0,0,0,0,0,0,0,0,0,0,0,0,0,0,0,0,0,0,0,0,0,0,0,0,0,0,0,0,0,0,0,0,0,0,0,0,0,0,0,0,0,0,0,0,0,0,0
3/14,0,0,0,0,0,0,0,0,0,0,0,0,0,0,0,0,0,0,0,0,0,0,0,0,0,0,0,0,0,0,0,0,0,0,0,0,0,0,0,0,0,0,0,0,0,0,0,0,0,0,0,0,0,0,0,0,0,0,0,0,0,0,0,0,0
3/15,0,1,0,2,22,2,11,7,10,6,15,17,14,7,14,12,5,6,8,16,7,5,8,5,6,5,1,2,6,14,7,10,12,2,7,3,2,6,5,2,5,0,2,2,1,2,0,0,0,0,0,0,2,0,0,0,0,0,0,0,0,0,0,0,0
3/16,0,0,0,2,13,0,4,4,5,12,6,16,14,13,16,9,3,3,4,5,5,4,8,2,5,4,3,1,8,12,5,7,7,1,8,2,3,1,2,3,1,1,3,4,1,1,0,0,0,3,1,0,0,0,0,0,0,0,0,0,0,0,0,0,0
3/17,0,0,0,0,10,0,7,7,11,7,9,17,20,13,21,9,11,5,4,9,4,1,7,3,8,4,0,4,9,2,0,1,4,2,1,3,4,2,3,2,0,0,1,5,0,0,4,0,0,0,0,0,0,0,0,0,0,0,0,0,0,0,0,0,0
3/18,0,0,0,1,5,6,15,19,12,24,20,17,49,14,12,10,12,7,10,8,2,3,4,2,6,0,1,2,5,5,3,7,8,8,4,2,4,2,2,12,2,1,0,4,0,0,3,0,1,2,1,0,1,0,0,0,0,0,0,0,0,0,0,0,0
3/19,0,2,0,1,8,5,14,14,14,23,18,27,24,24,23,11,16,12,22,18,12,6,8,8,16,15,13,9,9,13,9,10,11,8,13,8,7,11,9,4,5,0,10,3,2,3,2,2,0,1,0,0,0,0,0,0,0,0,0,0,0,0,0,0,0
3/20,0,1,0,0,4,8,15,20,13,39,32,28,30,28,26,21,30,20,22,19,15,12,18,12,18,19,10,12,13,19,13,18,10,11,10,9,11,8,12,7,6,2,9,3,4,5,0,0,0,0,0,0,0,0,0,0,0,0,0,0,0,0,0,0,0
3/21,0,2,4,1,6,15,27,25,34,42,34,47,44,34,38,24,31,30,27,32,24,19,11,19,14,29,5,17,29,31,12,11,18,16,15,11,17,15,14,3,7,5,11,5,2,3,4,2,4,0,0,2,0,0,0,0,0,0,0,0,0,0,0,0,0
3/22,0,2,10,7,11,11,24,25,39,62,27,42,48,35,50,44,31,16,20,31,23,24,24,12,21,23,10,10,31,19,14,13,15,16,12,8,18,5,15,8,4,2,8,3,2,6,4,2,2,0,0,0,0,0,0,0,3,0,0,0,0,0,0,0,0
3/23,0,0,8,14,21,17,17,34,25,56,50,46,51,31,52,59,27,26,43,23,24,28,24,12,18,23,10,28,25,18,12,15,18,21,15,12,23,13,18,6,12,6,12,7,5,5,7,6,0,3,0,0,0,0,0,0,3,0,0,0,0,0,0,0,0
3/24,0,0,5,6,27,6,16,13,30,38,31,39,37,18,47,22,15,9,13,10,6,8,4,3,15,8,3,2,9,2,0,5,3,6,5,0,9,6,4,3,0,2,2,7,3,0,4,0,0,2,0,0,0,0,0,0,0,0,0,0,0,0,0,0,0
3/25,0,0,2,8,16,7,13,14,13,21,28,29,36,15,17,11,2,12,14,4,2,9,6,0,8,6,4,7,2,3,1,2,5,5,2,2,2,1,0,2,0,0,0,2,4,0,2,0,0,0,0,0,0,0,0,0,0,0,0,0,0,0,0,0,0
3/26,0,1,1,3,16,15,12,33,36,27,32,37,36,29,29,22,16,25,29,14,15,22,8,6,22,17,5,9,16,24,14,11,11,17,10,8,9,7,11,3,3,0,7,5,4,4,5,0,2,0,1,0,0,0,0,0,2,0,0,0,0,0,0,0,0
3/27,0,1,12,8,19,19,14,24,19,32,46,33,42,36,23,32,14,16,34,18,15,12,16,8,30,14,4,11,13,22,15,4,16,13,7,9,9,2,10,4,5,0,5,3,4,2,0,2,2,0,1,0,0,0,0,0,0,0,0,0,0,0,0,0,0
3/28,0,1,0,6,13,11,13,21,47,25,34,37,43,29,30,32,15,18,22,16,21,17,8,10,17,11,9,9,18,31,17,18,11,16,8,10,9,10,14,5,5,0,3,1,5,3,1,2,1,0,1,0,0,0,0,0,0,0,0,0,0,0,0,0,0
3/29,0,0,3,11,23,15,15,20,36,50,36,39,49,39,40,32,21,17,24,15,25,16,13,10,18,26,6,13,19,32,17,15,12,19,13,8,13,13,17,0,4,3,2,3,3,3,2,2,2,0,1,0,0,3,0,2,0,0,0,0,0,0,0,0,0
3/30,0,0,3,11,27,12,14,38,54,47,36,43,48,29,38,39,32,20,24,16,17,23,23,13,19,24,11,13,22,22,13,16,14,21,12,14,16,6,23,1,10,1,22,5,4,5,4,4,4,0,4,0,1,1,0,0,3,0,0,0,0,0,0,0,0
3/31,0,0,3,6,12,14,16,27,37,19,30,30,30,27,16,10,18,3,11,8,1,1,8,4,8,7,4,4,2,3,0,3,2,3,2,9,4,2,4,5,1,0,3,3,0,0,0,0,0,0,0,0,0,0,0,0,0,0,0,0,0,0,0,0,0
4/1,0,0,2,4,19,14,16,18,26,18,30,19,29,25,13,20,19,17,15,17,14,11,8,3,11,8,4,2,6,1,3,3,12,7,2,3,7,0,10,6,2,5,1,5,0,0,4,0,0,0,0,0,0,0,0,0,0,0,0,0,0,0,0,0,0
4/2,0,3,5,6,28,9,17,37,36,40,36,43,42,42,28,42,23,29,20,31,15,21,16,11,19,23,6,10,24,27,23,11,7,19,16,13,13,3,17,8,11,0,10,5,3,7,5,2,3,0,1,0,1,0,0,0,1,0,0,0,0,0,0,0,0
4/3,0,0,2,13,23,19,34,29,53,55,56,56,59,56,27,47,32,24,25,33,27,32,25,16,34,29,16,11,29,19,23,25,17,29,18,13,22,8,13,12,8,1,11,5,3,4,3,0,4,3,1,0,2,1,0,2,1,0,0,0,0,0,0,0,0
4/4,0,0,4,14,20,29,31,46,50,53,50,63,60,54,28,52,31,27,41,34,24,28,35,18,25,49,10,17,22,34,18,21,16,19,19,7,26,5,24,5,7,3,18,12,0,6,8,3,3,2,5,0,2,1,0,2,2,0,0,0,0,0,0,0,0
4/5,0,0,13,8,19,30,31,32,62,61,49,64,58,49,32,44,23,32,46,36,27,24,35,16,31,36,12,16,26,26,30,22,14,26,14,11,23,9,17,0,8,4,9,4,2,7,6,3,0,4,1,0,0,0,0,0,0,0,0,0,0,0,0,0,0
4/6,0,0,11,8,25,20,30,32,52,52,45,53,64,42,41,41,29,42,43,24,23,19,16,9,20,21,11,16,20,27,15,13,18,23,22,10,13,5,16,6,8,6,9,18,3,5,9,7,2,0,0,0,0,0,0,0,3,0,0,0,0,0,0,0,0
4/7,0,0,1,9,17,10,19,23,40,40,29,29,45,21,29,22,13,10,16,12,6,13,14,5,16,3,7,2,10,5,4,6,8,3,4,3,13,2,7,4,2,2,2,11,0,0,4,0,1,2,0,0,2,0,0,0,0,0,0,0,0,0,0,0,0
4/8,0,0,2,8,10,10,20,21,20,21,27,18,39,29,23,16,16,10,17,14,2,10,11,4,26,3,5,8,10,3,1,5,2,6,3,0,6,3,4,4,3,4,2,1,0,0,2,0,0,0,0,0,0,0,0,1,0,0,0,0,0,0,0,0,0
4/9,1,2,1,6,24,21,21,37,54,40,45,48,61,46,29,52,46,23,37,26,21,24,23,17,24,27,8,8,20,28,22,10,21,30,9,11,16,13,17,4,14,3,10,7,5,5,3,0,4,0,0,0,3,0,0,0,0,0,0,0,0,0,0,0,0
4/10,0,1,4,9,26,22,33,44,52,67,56,66,73,70,48,61,46,27,51,27,24,40,34,18,31,43,10,11,30,21,26,16,23,31,17,19,20,10,12,11,18,4,10,7,7,7,2,2,7,0,0,1,0,1,0,0,3,0,0,0,0,0,0,0,0
4/11,0,0,9,16,19,21,22,49,47,53,45,66,71,55,44,52,46,39,36,37,33,43,30,17,34,35,24,22,28,31,23,19,18,28,26,14,18,9,23,15,11,5,8,10,6,7,4,2,0,1,0,0,0,0,0,0,1,3,0,0,0,0,0,0,0
4/12,0,0,5,8,13,12,12,41,32,39,32,48,47,34,24,31,24,32,25,24,13,24,30,12,24,19,9,12,20,21,21,14,16,22,17,5,10,3,14,4,13,2,3,3,5,3,3,1,1,0,1,0,0,1,0,1,1,0,0,0,0,0,0,0,0
4/13,0,0,5,18,15,18,31,54,53,57,42,60,69,41,51,67,31,53,39,38,32,28,36,23,34,27,18,17,37,32,25,17,15,30,28,14,29,15,16,12,16,3,5,11,7,5,6,4,5,0,0,0,0,1,0,0,3,0,0,0,0,0,0,0,0
4/14,0,0,0,14,19,9,27,40,51,85,62,55,69,47,32,42,25,23,23,25,22,22,25,12,14,16,26,7,13,4,9,6,15,10,8,12,15,15,7,8,3,5,6,12,5,0,5,0,0,0,0,1,0,0,0,0,0,0,0,0,0,0,0,0,0
4/15,0,0,13,13,13,23,25,43,45,68,56,48,62,37,36,31,27,30,21,15,22,17,14,19,17,11,5,8,8,6,4,3,7,2,4,14,13,4,11,8,0,0,4,2,2,2,3,1,0,0,0,0,0,0,0,0,0,0,0,0,0,0,0,0,0
4/16,0,3,5,5,13,14,33,45,51,64,60,57,59,51,41,41,60,40,31,29,29,20,21,16,13,22,13,16,20,13,23,8,31,12,21,8,33,12,19,6,11,0,22,9,3,1,6,0,0,2,0,0,0,1,0,0,0,0,0,0,0,0,0,0,0
4/17,1,2,4,13,22,20,36,47,63,63,57,71,86,63,57,54,61,46,49,33,32,33,35,13,37,42,22,22,32,22,25,8,20,38,18,15,19,16,19,13,14,3,22,7,4,5,3,1,4,3,1,0,2,0,1,0,0,1,0,0,0,0,0,0,0
4/18,0,0,11,8,29,25,29,49,54,61,52,85,72,47,39,64,53,50,45,37,31,41,27,31,25,26,19,12,26,32,20,16,20,27,20,11,32,17,19,19,11,10,16,6,8,4,8,2,4,0,3,0,0,0,0,1,2,0,0,0,0,0,0,0,0
4/19,0,1,7,5,27,32,25,50,63,75,57,81,67,67,61,57,56,51,43,44,49,31,41,37,28,35,19,15,27,26,26,15,34,30,14,16,24,12,20,15,16,15,16,4,5,10,10,5,6,3,1,0,0,0,1,0,0,0,0,0,0,0,0,0,0
4/20,0,0,6,10,27,21,39,39,49,72,72,84,81,57,55,73,49,51,51,48,47,23,31,24,35,36,14,14,25,12,26,11,28,29,31,18,24,14,12,13,21,11,22,13,8,10,6,4,1,2,0,0,0,0,0,1,0,0,0,0,0,0,0,0,0
4/21,0,0,5,8,23,15,41,53,44,82,54,75,67,29,56,44,28,33,22,22,11,12,20,8,14,17,7,6,4,10,13,10,32,13,5,5,12,6,3,6,0,0,5,0,6,0,2,0,0,0,0,0,0,0,0,0,0,0,0,0,0,0,0,0,0
4/22,0,0,3,7,8,5,15,20,19,15,19,25,13,10,6,14,10,10,11,14,2,4,3,3,2,5,0,4,2,2,5,0,6,3,1,0,6,2,0,6,3,0,1,0,2,0,0,0,0,0,0,0,0,0,0,0,0,0,0,0,0,0,0,0,0
4/23,0,1,3,3,27,16,16,31,27,21,22,31,38,29,22,35,18,16,19,15,13,15,12,10,18,10,4,5,8,19,21,7,12,6,6,5,9,7,9,2,9,3,5,2,8,0,0,0,2,0,0,0,0,0,0,0,0,0,0,0,0,0,0,0,0
4/24,0,0,6,11,26,21,24,43,54,56,49,69,75,45,49,59,27,40,48,35,40,34,36,22,35,33,18,21,19,37,23,13,20,29,18,27,20,17,15,15,23,8,19,8,10,6,5,1,3,1,2,0,2,2,0,4,0,0,0,0,0,0,0,0,0
4/25,0,0,5,6,18,28,21,38,55,52,38,69,66,46,55,70,39,44,40,38,35,33,31,32,38,44,20,22,25,21,25,19,21,32,27,14,19,15,20,11,17,9,25,11,7,13,5,1,2,2,0,0,1,0,0,3,0,0,0,0,0,0,0,0,0
4/26,0,0,7,5,19,10,26,49,61,65,54,65,71,48,42,64,35,33,40,32,35,34,41,23,37,34,16,28,22,23,36,15,16,38,25,18,20,14,15,11,10,12,28,9,8,10,7,4,3,2,1,0,1,2,0,2,2,0,0,0,0,0,0,0,0
4/27,0,0,4,15,22,22,25,43,45,63,46,47,58,42,46,56,31,23,40,30,25,24,32,27,26,33,14,17,26,24,33,12,23,30,17,13,18,11,20,9,17,4,17,8,9,5,2,0,3,0,5,0,0,0,0,0,0,0,0,0,0,0,0,0,0
4/28,0,2,6,16,17,13,20,21,44,58,39,39,46,62,37,39,22,21,28,16,12,8,16,11,25,20,10,6,3,7,13,6,13,5,4,5,5,14,9,4,10,2,5,4,2,2,1,0,0,2,0,0,0,0,0,1,0,0,0,0,0,0,0,0,0
4/29,0,0,4,17,21,11,20,42,31,62,35,19,54,37,37,18,15,21,29,19,14,9,6,20,17,17,12,13,11,0,8,4,8,11,10,7,7,5,15,5,4,8,2,4,0,0,3,0,0,1,0,0,0,0,0,0,0,0,0,0,0,0,0,0,0
4/30,0,0,6,14,22,29,31,46,41,53,52,73,80,71,43,51,46,37,55,29,28,46,34,25,31,41,20,20,23,28,30,19,29,29,27,23,20,15,9,8,17,12,18,12,6,11,7,1,4,2,1,0,0,0,0,0,0,0,0,0,0,0,0,0,0
5/1,0,0,4,5,15,6,8,21,17,25,12,24,27,15,12,20,12,11,24,5,10,10,19,7,15,12,3,4,4,15,10,7,10,7,7,3,4,5,3,6,4,3,3,1,2,2,1,1,2,2,1,0,0,0,0,0,0,0,0,0,0,0,0,0,0
5/2,0,0,3,13,20,18,27,56,61,53,46,78,65,56,38,48,45,40,41,45,39,25,25,18,33,30,14,30,30,25,23,9,16,35,18,22,22,21,13,10,14,12,8,6,3,2,3,0,1,3,2,0,1,1,0,1,0,0,0,0,0,0,0,0,0
5/3,0,0,4,11,27,24,19,36,59,49,38,48,60,47,34,42,31,26,37,35,12,33,27,8,16,27,13,15,19,14,19,16,19,17,23,8,15,20,10,15,7,5,12,8,3,1,2,0,3,2,1,0,0,3,0,0,0,0,0,0,0,0,0,0,0
5/4,0,0,2,21,20,15,23,52,57,73,44,48,68,53,38,58,37,39,37,24,20,35,29,16,35,27,11,23,25,17,23,14,27,21,27,13,13,13,7,5,12,9,16,8,3,8,1,3,4,0,0,0,2,3,0,0,0,0,0,0,0,0,0,0,0
5/5,0,0,8,13,12,9,16,47,43,63,53,57,60,48,30,30,15,22,40,17,4,9,12,5,18,7,1,12,2,9,8,6,27,7,5,9,10,11,11,7,6,1,3,5,4,0,3,0,0,0,0,0,0,0,0,0,0,0,0,0,0,0,0,0,0
5/6,0,0,3,13,28,18,21,37,27,53,59,58,63,35,44,37,15,25,12,16,15,14,13,4,12,14,3,3,11,3,12,0,8,6,6,5,9,9,8,9,0,5,3,4,0,1,1,0,1,0,0,0,0,0,0,0,0,0,0,0,0,0,0,0,0
5/7,0,0,4,14,17,26,25,57,64,74,57,56,61,75,47,73,55,36,36,38,26,33,43,26,53,35,14,23,25,32,38,23,25,30,44,18,27,26,15,20,9,13,19,13,5,8,4,8,4,2,0,0,1,0,0,0,0,0,0,0,0,0,0,0,0
5/8,0,0,0,3,15,14,22,36,32,42,29,36,36,31,16,50,21,24,26,23,17,13,9,7,23,18,7,6,14,18,23,6,14,19,17,2,5,8,5,4,7,9,10,5,4,4,0,1,2,2,0,0,2,2,0,2,0,0,0,0,0,0,0,0,0
5/9,0,2,4,8,18,15,21,32,36,40,18,45,49,50,23,44,37,28,29,21,21,17,28,9,21,22,14,12,15,25,24,11,13,13,15,7,15,8,4,4,8,6,12,8,11,3,2,0,2,1,0,1,0,4,0,0,0,0,0,0,0,0,0,0,0
5/10,0,2,4,11,23,14,28,29,40,49,40,42,54,40,33,48,24,31,29,29,19,18,27,9,30,33,10,22,7,24,22,12,15,19,17,13,13,12,8,8,7,8,21,15,3,3,3,0,1,0,3,2,0,0,0,0,0,0,0,0,0,0,0,0,0
5/11,0,1,4,14,18,17,42,57,60,101,46,86,85,68,56,54,52,53,48,47,41,36,37,17,35,36,25,29,21,16,22,17,25,31,31,21,20,13,15,7,16,16,14,11,12,5,2,2,5,2,0,0,0,0,0,3,3,0,0,0,0,0,0,0,0
5/12,0,0,7,6,21,11,47,43,45,82,52,50,69,43,49,33,36,28,22,19,13,17,17,10,30,22,12,9,13,12,8,7,15,23,13,2,10,18,2,2,4,3,4,7,4,3,7,0,0,4,0,0,0,0,0,0,0,0,0,0,0,0,0,0,0
5/13,0,0,7,5,17,9,37,39,34,57,44,31,39,32,46,22,15,20,14,14,11,16,7,11,27,8,9,2,9,7,13,1,11,8,4,5,11,1,8,5,3,0,1,8,0,1,2,0,3,3,0,0,1,0,0,0,0,0,0,0,0,0,0,0,0
5/14,0,0,6,4,25,9,34,39,53,55,45,54,58,51,33,63,34,27,38,32,23,26,37,12,34,24,8,25,21,25,19,11,16,17,17,14,21,12,6,3,10,6,9,6,2,7,1,6,1,1,0,0,0,0,0,0,0,0,0,0,0,0,0,0,0
5/15,0,1,4,9,17,15,25,40,49,55,31,58,62,43,31,51,28,31,44,23,20,29,37,23,33,29,18,23,22,35,21,21,22,26,22,13,22,21,17,2,10,10,22,10,7,6,5,3,10,5,0,0,0,0,0,0,0,0,0,0,0,0,0,0,0
5/16,0,0,5,5,21,24,31,36,62,61,53,61,80,67,50,52,47,30,38,17,33,28,21,22,32,27,14,19,23,32,18,9,16,29,18,18,23,13,13,9,14,5,18,8,5,9,0,1,5,4,1,0,0,0,0,0,0,0,0,0,0,0,0,0,0
5/17,0,3,7,5,26,17,54,56,60,83,88,95,90,83,83,85,63,48,46,42,43,41,40,34,39,39,16,36,37,36,20,27,24,40,41,33,36,29,25,14,16,13,16,15,13,3,6,2,1,2,2,0,2,0,0,0,0,0,0,0,0,0,0,0,0
5/18,0,3,1,9,24,21,37,59,79,76,86,89,86,73,70,81,52,51,52,59,35,33,41,40,45,41,13,34,30,43,35,23,26,40,28,20,41,38,24,9,11,9,14,11,11,11,2,1,2,4,3,1,0,0,0,0,2,0,0,0,0,0,0,0,0
5/19,0,0,6,6,30,23,42,46,55,76,62,52,61,46,39,30,20,20,22,18,14,14,15,23,20,17,9,5,4,7,11,11,9,22,4,5,9,15,12,3,4,4,4,10,1,2,9,0,0,0,0,0,0,0,0,0,0,0,0,0,0,0,0,0,0
5/20,0,0,14,12,19,12,43,54,40,74,83,64,67,55,59,32,28,22,23,28,12,17,12,18,12,15,11,8,5,3,6,7,6,11,9,6,11,8,9,13,6,5,6,5,0,1,4,5,0,10,2,0,0,0,0,0,0,0,0,0,0,0,0,0,0
5/21,0,1,6,14,34,29,44,37,48,60,50,60,62,62,45,54,34,39,38,34,28,38,29,22,43,27,24,20,21,25,16,11,26,33,24,22,22,15,10,11,14,4,18,11,1,5,4,1,1,5,0,0,1,0,0,0,0,0,0,0,0,0,0,0,0
5/22,0,0,1,4,17,11,18,19,27,26,23,23,34,24,31,29,10,13,25,13,21,7,13,14,10,13,3,8,10,10,9,4,8,13,11,10,12,6,2,5,4,2,9,1,3,1,1,0,0,1,1,0,0,0,0,0,0,0,0,0,0,0,0,0,0
5/23,0,0,7,11,29,26,36,63,79,62,86,82,88,65,69,67,41,47,54,35,32,39,48,27,53,33,23,35,39,39,26,26,23,31,36,19,30,19,20,18,10,16,20,14,9,9,5,5,2,5,0,0,0,3,0,0,0,0,0,0,0,0,0,0,0
5/24,0,7,8,17,31,33,33,57,84,72,61,88,81,68,71,74,51,49,49,46,28,39,29,30,44,43,18,26,34,43,34,22,29,31,29,27,32,31,20,9,14,9,11,8,12,8,9,4,2,3,2,0,1,0,0,0,0,0,0,0,0,0,0,0,0
5/25,0,1,6,11,19,20,39,57,66,61,66,86,75,66,52,77,38,45,53,53,43,44,41,30,41,35,18,19,24,30,35,17,31,27,26,29,30,22,15,14,13,7,17,13,7,13,3,3,3,9,0,0,0,0,0,0,0,0,0,0,0,0,0,0,0
5/26,2,0,7,11,12,8,27,30,35,34,56,40,57,37,28,35,29,23,29,23,22,19,22,7,19,6,10,6,16,9,9,3,2,7,2,2,6,5,7,8,5,3,3,17,3,6,7,0,0,2,0,0,0,0,0,0,0,0,0,0,0,0,0,0,0
5/27,0,0,5,7,19,15,27,23,50,30,52,49,53,41,39,17,29,22,33,27,10,20,9,16,14,7,20,5,13,5,7,8,9,2,6,5,7,5,10,10,1,7,0,12,2,0,7,0,0,2,0,0,0,0,0,0,0,0,0,0,0,0,0,0,0
5/28,2,1,6,13,13,10,31,45,64,60,57,41,64,39,51,33,33,25,29,24,14,15,10,10,16,6,7,14,14,4,7,4,15,18,4,15,14,8,5,6,8,6,0,10,0,1,4,2,0,2,2,1,0,0,0,0,0,0,0,0,0,0,0,0,0
5/29,0,0,5,15,32,25,36,62,72,68,72,91,77,78,57,77,37,51,54,44,38,42,49,28,37,30,28,22,33,35,25,26,28,24,32,19,33,9,33,17,5,7,15,16,9,8,2,3,7,5,0,0,0,0,0,0,0,2,0,0,0,0,0,0,0
5/30,0,0,5,17,34,24,40,56,71,71,68,86,81,86,73,78,44,49,58,49,30,53,32,32,55,43,27,27,26,31,26,24,35,39,34,23,41,14,33,13,16,15,20,14,12,9,6,3,6,2,2,0,0,0,0,0,0,0,0,0,0,0,0,0,0
5/31,1,3,5,15,29,22,48,65,98,78,63,96,101,51,66,86,46,58,60,40,34,54,48,36,48,46,26,27,35,35,24,20,39,31,47,20,37,24,26,17,22,16,21,12,11,12,10,5,7,7,0,1,0,0,0,0,0,0,0,0,0,0,0,0,0
6/1,0,3,4,16,30,24,38,61,76,76,72,73,100,67,66,70,46,48,55,46,29,38,29,35,46,26,30,51,27,31,30,19,41,42,30,15,24,12,21,20,8,11,18,12,16,17,3,8,2,5,0,1,1,2,0,0,0,0,0,0,0,0,0,0,0
6/2,0,1,2,4,11,9,6,14,16,21,17,11,14,12,12,10,3,8,6,6,5,3,1,1,4,2,0,3,0,3,3,0,1,4,0,0,2,2,3,4,0,1,0,2,0,1,0,0,0,0,0,0,0,0,0,0,0,0,0,0,0,0,0,0,0
6/3,0,0,5,3,16,9,31,37,48,24,44,41,39,33,28,15,26,18,17,20,9,15,14,7,16,8,13,7,6,13,6,3,9,5,2,7,6,3,5,8,3,2,7,6,3,1,2,0,1,7,0,0,0,0,0,0,0,0,0,0,0,0,0,0,0
6/4,0,0,4,8,18,8,15,17,28,31,19,21,30,22,27,23,24,14,11,11,22,20,15,8,18,5,7,5,5,24,12,7,15,14,8,4,7,4,8,4,3,7,9,2,2,2,1,1,0,1,0,0,0,0,0,0,0,0,0,0,0,0,0,0,0
6/5,1,2,6,7,28,18,29,36,64,69,43,73,59,52,57,59,32,28,44,28,29,33,29,21,25,35,24,16,20,24,26,11,29,20,19,19,15,12,15,14,13,9,13,5,10,4,3,3,2,3,0,0,0,0,0,1,0,1,0,0,0,0,0,0,0
6/6,0,1,9,10,33,23,43,51,64,56,71,76,79,68,69,76,56,48,51,44,35,46,36,25,44,34,21,40,21,40,26,24,37,30,32,24,25,23,21,17,21,15,18,9,13,11,5,4,3,5,0,0,0,1,0,0,0,0,0,0,0,0,0,0,0
6/7,0,0,10,9,45,30,34,52,81,64,76,76,102,68,66,87,54,52,54,36,25,45,35,25,50,46,22,34,30,46,30,22,31,31,35,26,24,22,23,21,14,14,15,13,12,6,4,0,4,7,0,0,0,0,0,0,0,0,0,0,0,0,0,0,0
6/8,2,1,3,12,28,27,31,46,61,67,56,80,71,54,56,71,35,52,53,34,32,40,18,29,33,40,25,28,25,26,31,21,40,25,29,21,24,15,19,16,21,11,14,6,16,7,2,0,6,4,0,0,0,0,0,0,0,0,0,0,0,0,0,0,0
6/9,0,0,3,5,22,22,29,47,54,59,71,57,73,35,41,48,22,33,34,17,14,27,24,12,18,17,20,10,23,14,10,10,18,23,8,3,15,9,10,14,2,2,9,9,0,1,4,0,0,2,0,1,0,0,0,0,0,0,0,0,0,0,0,0,0
6/10,0,0,0,4,27,27,43,49,35,80,66,58,58,48,35,38,22,23,27,27,5,12,14,17,14,6,11,5,11,11,13,14,8,8,4,10,6,7,5,15,5,1,14,2,2,1,2,0,2,5,3,1,0,0,0,1,0,0,0,0,0,0,0,0,0
6/11,0,2,10,14,44,36,44,51,61,75,73,81,70,72,64,61,51,49,49,35,27,53,34,34,39,43,19,33,30,38,26,24,31,37,19,16,35,19,35,17,20,14,17,10,7,13,6,0,4,8,3,0,1,0,1,1,0,0,0,0,0,0,0,0,0
6/12,0,1,10,12,45,23,41,53,78,78,88,87,92,82,62,85,53,58,60,49,34,55,47,32,46,31,25,41,39,41,22,18,39,51,31,30,33,10,23,7,19,11,14,11,13,14,3,2,3,4,0,0,0,3,0,0,0,0,0,0,0,0,0,0,0
6/13,0,3,0,6,18,11,11,15,49,29,29,41,33,28,26,28,17,15,28,10,9,15,14,16,21,16,5,7,9,21,12,2,8,11,8,4,9,1,5,4,3,4,4,1,5,1,0,2,0,0,2,1,0,0,0,0,0,0,0,0,0,0,0,0,0
6/14,0,1,10,11,46,27,51,51,95,101,76,101,93,78,71,89,47,41,61,46,32,44,54,17,49,48,18,35,33,44,31,28,33,40,34,27,47,24,29,8,15,15,19,7,14,7,6,3,11,2,3,0,0,0,0,0,0,0,0,0,0,0,0,0,0
6/15,1,2,4,13,39,24,49,68,81,96,93,98,103,82,77,81,46,53,67,50,27,53,42,24,49,40,18,25,24,49,27,24,35,29,28,22,25,21,22,11,16,18,20,17,9,13,2,6,6,2,2,1,0,0,0,0,2,0,0,0,0,0,0,0,0
6/16,2,0,4,8,27,21,35,34,45,45,48,68,74,30,32,26,31,26,30,13,19,16,10,9,9,18,15,8,16,5,10,2,28,13,4,6,10,4,4,8,1,3,4,1,0,0,5,0,1,0,7,0,0,0,0,0,0,0,0,0,0,0,0,0,0
6/17,0,10,6,5,14,20,33,27,56,63,58,48,67,61,45,44,20,17,23,18,8,3,7,19,5,15,21,12,11,14,7,9,14,12,3,2,14,6,5,12,3,0,14,3,2,4,2,0,2,5,2,1,0,1,0,0,0,0,0,0,0,0,0,0,0
6/18,0,1,8,21,37,34,52,64,78,80,72,77,92,74,80,74,44,59,62,49,31,46,34,33,50,50,23,30,32,31,33,18,31,40,30,19,33,24,34,18,11,14,15,16,7,10,6,6,8,2,4,0,0,0,0,0,0,0,0,0,0,0,0,0,0
6/19,0,1,8,11,46,21,50,68,96,82,79,79,101,90,72,92,50,47,65,59,37,49,42,25,43,58,29,25,48,29,35,24,37,39,34,28,34,18,24,7,15,15,19,5,10,12,3,0,7,4,1,0,0,0,0,0,0,0,0,0,0,0,0,0,0
6/20,0,0,4,9,30,20,55,52,62,83,64,82,100,68,68,59,38,45,48,41,39,55,37,28,55,33,20,28,33,34,28,23,31,30,33,15,31,22,25,12,13,9,20,9,4,8,2,4,4,1,1,2,2,0,0,0,0,0,0,0,0,0,0,0,0
6/21,0,4,3,12,27,17,53,48,72,90,58,71,75,63,62,74,42,50,48,37,32,53,38,32,47,30,15,30,27,35,28,17,19,15,29,18,34,9,20,7,15,5,19,9,10,12,4,2,6,0,0,0,0,0,0,0,0,0,0,0,0,0,0,0,0
6/22,0,1,5,10,28,14,38,47,43,66,51,48,70,63,55,54,37,34,42,40,32,43,19,22,35,26,24,14,32,25,29,11,37,35,28,14,23,4,16,6,9,8,22,9,11,6,3,1,2,3,1,1,0,0,0,0,1,0,0,0,0,0,0,0,0
6/23,0,2,4,3,26,18,34,34,28,52,47,41,44,33,36,26,21,24,23,11,17,19,4,6,9,17,9,2,8,6,8,3,8,8,2,5,16,6,5,6,1,4,12,9,4,0,1,0,1,0,1,0,0,0,0,0,0,0,0,0,0,0,0,0,0
6/24,0,2,2,4,31,24,44,37,39,52,47,44,66,51,42,37,27,24,35,29,7,24,11,16,21,14,14,4,6,18,10,4,6,10,2,5,11,7,5,17,3,1,5,10,1,0,0,0,0,2,1,0,0,0,1,0,0,0,0,0,0,0,0,0,0
6/25,0,2,7,7,15,24,32,46,48,60,57,52,63,60,64,61,40,50,51,35,27,52,32,23,53,32,16,20,23,32,27,15,21,19,28,19,19,18,22,8,14,13,13,8,7,8,6,2,2,2,2,0,0,0,0,0,0,0,0,0,0,0,0,0,0
6/26,0,4,5,9,28,20,50,43,60,80,79,60,99,65,63,81,39,47,56,31,36,39,30,23,46,35,22,34,42,41,26,21,34,37,30,28,23,15,19,9,12,12,19,9,8,10,3,8,8,5,1,0,3,2,0,0,0,0,0,0,0,0,0,0,0
6/27,0,1,5,20,41,28,60,61,70,67,74,84,86,72,61,68,62,49,53,35,43,39,32,18,44,44,21,30,28,42,27,27,33,38,25,18,26,18,22,7,15,12,19,12,9,11,2,1,6,6,0,0,1,0,0,0,0,0,0,0,0,0,0,0,0
6/28,1,3,5,18,34,40,47,69,78,77,85,76,82,64,62,81,49,59,56,47,41,43,45,27,49,47,28,37,29,38,34,27,24,33,27,12,35,18,27,15,19,19,22,5,5,8,7,3,4,4,3,0,0,0,0,0,0,0,0,0,0,0,0,0,0
6/29,0,1,5,11,30,29,35,57,66,56,72,58,77,56,63,73,59,41,35,43,34,29,40,18,31,30,18,25,24,30,18,20,31,32,25,13,23,17,15,12,10,13,20,8,8,5,1,2,4,8,0,0,0,0,0,0,0,0,0,0,0,0,0,0,0
6/30,2,1,5,8,21,29,23,46,55,32,45,56,64,52,53,32,31,19,37,35,12,10,17,11,14,6,9,5,10,9,12,2,7,20,5,2,7,1,7,9,3,3,17,5,4,3,0,6,0,1,0,0,0,0,0,0,0,0,0,0,0,0,0,0,0
7/1,0,0,4,6,37,20,44,31,53,56,61,35,44,37,49,36,20,11,28,28,11,11,19,12,9,17,6,11,10,4,8,8,5,12,9,4,5,12,7,6,3,2,1,1,2,2,0,0,1,6,3,0,0,0,0,0,0,0,0,0,0,0,0,0,0
7/2,4,2,5,16,37,36,47,60,90,76,83,72,107,83,49,69,58,48,45,33,39,39,34,21,60,37,30,31,34,37,33,30,33,26,24,23,30,16,20,8,23,10,33,16,15,6,1,5,10,4,4,0,0,0,0,0,0,0,0,0,0,0,0,0,0
7/3,0,1,7,13,34,28,50,52,88,84,67,86,124,91,65,84,47,37,58,47,35,42,33,34,45,37,31,32,36,40,30,35,43,35,25,22,33,26,19,9,17,13,25,13,6,12,0,4,7,4,1,0,0,1,0,0,0,0,0,0,0,0,0,0,0
7/4,5,0,5,4,22,19,32,49,66,69,61,64,69,47,52,45,26,30,22,38,10,9,19,28,8,12,13,6,10,22,6,18,8,14,5,6,17,16,18,6,6,4,11,7,3,10,1,0,1,0,10,0,0,0,0,0,0,0,0,0,0,0,0,0,0
7/5,3,4,8,15,32,19,62,47,75,68,51,90,78,85,54,79,50,40,35,42,34,42,36,22,46,28,22,24,34,36,30,27,24,27,29,19,19,23,15,6,15,12,23,11,6,8,6,3,3,4,5,0,0,0,0,0,0,0,0,0,0,0,0,0,0
7/6,0,4,7,8,24,25,49,58,83,79,69,60,78,74,58,84,50,50,43,35,27,32,27,32,39,26,31,23,32,25,31,25,26,27,21,20,26,14,18,4,9,12,17,12,6,10,1,2,1,3,5,0,0,0,0,0,3,0,0,0,0,0,0,0,0
7/7,1,1,2,13,23,14,40,34,43,60,57,42,46,37,42,27,33,25,30,18,6,15,5,7,12,20,9,4,6,14,13,11,12,13,4,0,8,5,4,5,5,2,15,3,3,0,2,0,0,1,3,0,0,0,0,0,0,0,0,0,0,0,0,0,0
7/8,0,2,2,13,38,11,48,21,57,40,55,23,55,53,58,29,17,16,21,21,19,11,11,10,17,9,18,11,6,12,14,5,15,14,9,7,6,5,4,6,5,5,13,9,0,0,0,1,1,2,1,0,0,0,0,0,0,0,0,0,0,0,0,0,0
7/9,5,4,5,19,35,21,64,64,94,85,75,85,91,84,66,89,64,60,55,52,56,51,44,34,59,44,20,41,36,34,40,33,32,42,28,28,24,21,20,11,24,4,31,11,5,10,4,6,7,5,5,0,0,0,0,1,0,0,0,0,0,0,0,0,0
7/10,2,2,9,12,41,30,77,74,87,102,102,90,98,88,59,71,65,55,79,54,49,45,34,25,54,45,23,38,39,41,38,32,39,41,29,18,28,19,29,20,27,10,21,13,16,7,0,1,8,2,2,0,0,1,0,0,0,0,0,0,0,0,0,0,0
7/11,5,2,0,11,32,19,70,51,83,82,74,86,106,83,63,69,65,68,64,46,43,44,47,46,43,43,24,44,48,38,31,32,36,52,43,29,34,21,30,21,27,9,23,10,7,10,2,4,8,3,4,3,2,1,1,0,0,0,0,0,0,0,0,0,0
7/12,2,2,4,12,32,21,56,66,90,79,89,97,121,73,70,69,58,64,54,56,37,48,47,38,58,39,28,32,37,31,45,29,27,37,34,22,34,24,24,19,18,9,22,8,8,9,3,4,2,3,1,0,1,1,0,0,0,0,0,0,0,0,0,0,0
7/13,2,5,1,14,20,17,60,60,93,73,57,106,89,80,60,60,64,47,42,41,44,42,50,31,46,54,22,20,41,45,37,25,27,39,39,11,26,24,24,8,23,11,17,11,2,10,2,3,4,5,3,0,0,2,1,0,2,0,0,0,0,0,0,0,0
7/14,3,2,2,4,19,6,41,39,49,43,39,35,63,40,42,19,15,24,13,22,8,17,9,13,13,9,8,10,14,13,9,11,10,18,11,1,10,9,13,9,3,4,10,3,4,0,1,0,2,1,2,0,0,1,0,0,0,0,0,0,0,0,0,0,0
7/15,0,1,2,7,15,9,43,29,44,27,49,48,49,35,23,21,18,17,15,27,10,7,10,15,11,9,7,2,6,8,9,4,17,8,3,0,4,1,11,11,4,1,7,2,2,0,0,0,8,0,4,0,0,2,0,0,0,0,0,0,0,0,0,0,0
7/16,3,5,3,9,22,24,56,70,76,80,74,78,86,84,56,80,61,47,57,44,44,45,39,28,50,32,37,29,29,38,36,17,27,32,37,26,27,25,22,13,23,8,26,9,8,12,3,4,10,5,1,0,0,1,0,0,0,0,0,0,0,0,0,0,0
7/17,2,1,4,8,41,19,62,67,82,79,54,81,85,69,69,78,51,50,67,39,49,48,32,33,31,29,32,31,34,38,27,28,36,37,25,34,21,19,24,20,18,10,26,12,7,12,1,2,5,6,1,0,0,2,0,0,0,0,0,0,0,0,0,0,0
7/18,1,1,5,5,23,15,48,53,76,53,58,57,74,70,37,52,44,34,41,26,31,37,28,24,37,17,11,27,28,20,20,10,25,25,17,19,17,18,19,6,20,3,12,4,3,9,4,2,3,2,3,0,2,0,0,0,0,0,0,0,0,0,0,0,0
7/19,2,1,2,14,34,31,69,89,88,91,92,105,103,77,56,81,62,41,80,50,58,64,43,28,40,51,29,33,53,40,36,23,36,34,28,22,20,21,34,17,25,10,31,8,7,8,6,2,8,6,8,0,1,2,0,0,0,2,0,0,0,0,0,0,0
7/20,2,1,7,16,36,35,52,74,80,82,80,101,106,70,52,66,55,46,68,45,29,44,41,43,45,44,28,30,30,30,22,29,24,27,35,25,18,17,25,16,19,11,19,19,7,9,6,2,1,4,3,0,0,1,0,1,5,0,0,0,0,0,0,0,0
7/21,0,1,0,6,24,20,34,40,75,65,64,62,44,40,31,34,38,21,24,41,14,20,15,21,12,26,16,9,13,6,12,6,16,13,11,6,5,5,14,6,7,5,9,8,0,2,0,0,2,4,1,0,0,0,0,0,0,0,0,0,0,0,0,0,0
7/22,0,1,5,12,27,15,40,40,62,56,54,54,52,51,28,23,31,14,27,40,10,11,17,15,18,6,11,7,10,12,12,10,8,4,11,6,1,7,13,10,1,1,6,4,1,2,2,0,1,3,2,0,0,0,0,0,0,0,0,0,0,0,0,0,0
7/23,2,2,6,18,25,32,48,76,86,83,53,88,88,69,53,62,58,46,58,49,39,38,25,34,40,39,33,21,49,29,31,21,29,27,25,32,22,18,23,12,15,21,21,15,4,14,6,4,2,2,5,0,1,2,0,0,0,0,0,0,0,0,0,0,0
7/24,3,5,4,17,30,26,56,71,76,95,71,78,77,67,44,70,56,44,76,54,51,48,48,26,43,43,22,19,43,35,20,21,29,35,24,32,19,22,23,12,37,12,11,7,11,11,3,3,3,2,1,0,1,0,0,1,0,0,0,0,0,0,0,0,0
7/25,1,7,6,19,34,33,68,82,85,88,86,76,93,77,65,73,77,56,64,46,49,50,45,35,38,37,28,36,36,53,27,21,43,42,39,28,24,35,25,25,23,16,32,16,8,17,4,4,2,3,2,0,0,0,0,0,0,0,0,0,0,0,0,0,0
7/26,1,5,8,18,32,15,70,66,73,72,66,76,81,66,44,66,55,38,57,38,43,49,42,24,45,41,24,32,48,36,35,24,34,27,25,29,30,26,26,20,21,19,17,9,9,12,1,5,7,2,3,0,0,0,0,1,0,0,0,0,0,0,0,0,0
7/27,2,3,6,17,28,15,52,45,64,68,71,69,89,63,46,49,51,31,52,44,44,30,34,17,33,30,10,27,30,26,22,11,45,42,30,20,18,17,8,15,14,15,24,15,7,11,2,2,2,1,4,0,1,1,0,1,0,0,0,0,0,0,0,0,0
7/28,0,6,1,8,11,8,40,20,53,52,52,37,46,44,43,25,26,23,16,21,14,12,10,20,7,10,12,22,16,21,7,2,15,19,3,14,16,4,9,13,3,2,5,3,6,3,7,0,1,1,5,1,2,0,0,0,0,0,0,0,0,0,0,0,0
7/29,0,2,0,9,18,9,45,37,60,45,57,28,66,36,59,47,18,25,28,30,4,12,22,16,15,20,14,18,16,15,15,9,7,19,6,17,17,4,5,9,3,8,7,7,0,3,1,2,3,1,8,0,0,1,0,0,0,0,0,0,0,0,0,0,0
7/30,2,4,10,17,39,28,76,65,101,93,102,109,113,80,97,93,77,53,68,54,50,65,50,38,32,46,27,48,62,34,36,27,44,45,19,32,34,19,25,27,22,16,26,13,9,11,5,3,8,0,6,1,2,0,0,0,0,0,0,0,0,0,0,0,0
7/31,1,4,5,17,38,26,49,68,72,88,92,76,86,64,59,74,59,51,52,42,48,50,28,29,40,52,31,42,46,42,32,29,36,42,21,35,27,28,15,14,30,12,30,18,12,15,3,5,4,1,3,2,0,0,0,2,0,0,0,0,0,0,0,0,0
8/1,2,2,5,12,25,22,48,55,86,99,74,70,105,90,61,79,46,53,59,65,52,45,36,30,39,49,23,52,37,33,24,15,38,39,18,29,33,22,27,9,18,9,26,10,8,13,4,4,12,3,2,1,2,2,0,0,0,0,0,0,0,0,0,0,0
8/2,3,9,10,22,36,26,62,86,112,100,104,101,125,86,74,79,74,50,66,49,58,53,43,21,54,55,43,47,42,49,29,29,45,40,28,42,51,29,27,24,24,17,25,17,9,12,2,6,9,4,5,0,0,3,0,0,3,0,0,0,0,0,0,0,0
8/3,3,0,3,19,34,37,50,69,84,96,91,93,118,89,94,80,73,65,69,55,50,54,43,29,51,40,24,36,33,38,32,22,47,32,27,31,24,29,26,22,23,9,12,13,6,14,4,1,2,7,3,1,0,2,0,0,0,0,0,0,0,0,0,0,0
8/4,1,1,3,14,29,17,67,59,83,58,71,85,93,59,69,51,46,23,32,40,22,25,18,25,27,24,23,26,17,16,15,10,16,13,11,14,20,24,19,24,8,3,12,4,4,4,0,1,2,0,2,1,0,1,0,0,0,0,0,0,0,0,0,0,0
8/5,0,0,4,9,16,25,34,76,66,58,71,70,107,53,69,46,39,37,26,42,24,19,41,29,31,31,22,16,24,22,13,24,23,18,9,14,26,16,13,20,13,7,15,10,0,4,7,2,6,4,1,0,0,2,0,0,0,0,0,0,0,0,0,0,0
8/6,2,1,6,19,30,28,60,92,100,98,107,105,130,103,92,91,91,49,66,72,49,38,40,42,44,46,35,33,27,19,31,27,33,49,26,24,31,30,31,24,20,13,24,11,5,14,7,6,10,7,0,0,2,1,0,0,0,0,0,0,0,0,0,0,0
8/7,1,1,3,15,37,30,67,89,112,101,122,92,137,103,85,83,72,66,57,57,35,34,49,33,44,43,26,22,38,47,33,27,36,43,25,26,33,35,28,19,21,19,32,25,5,22,9,4,17,0,3,2,3,2,0,3,0,0,0,0,0,0,0,0,0
8/8,1,2,4,22,33,42,65,91,125,122,135,111,153,94,78,104,79,57,74,64,58,57,39,59,43,61,33,51,42,55,60,35,40,38,33,24,23,37,32,40,32,17,32,19,11,14,2,4,9,9,0,2,0,1,0,0,0,0,0,0,0,0,0,0,0
8/9,2,5,5,20,26,43,70,84,103,85,114,133,163,96,98,117,78,66,83,74,52,59,62,30,47,51,37,45,47,51,52,37,56,46,34,44,33,37,44,18,24,19,26,18,15,10,12,7,10,3,2,3,2,2,0,2,0,0,0,0,0,0,0,0,0
8/10,2,5,2,23,23,38,57,65,61,99,89,95,96,75,82,90,82,50,62,43,46,53,35,38,34,42,27,30,39,37,24,26,27,32,24,23,18,24,21,21,25,17,22,16,10,4,12,3,4,5,3,2,0,1,0,0,2,0,0,0,0,0,0,0,0
8/11,0,15,6,16,28,23,50,61,67,94,95,106,137,94,78,62,51,62,71,45,25,28,26,43,27,46,25,18,22,21,12,25,21,26,27,16,17,20,20,29,11,7,10,3,1,7,7,0,1,8,2,7,2,1,0,2,0,0,0,0,0,0,0,0,0
8/12,3,5,0,8,21,28,50,60,92,82,101,95,117,79,81,46,56,45,71,56,19,34,21,38,28,47,20,20,12,43,5,9,21,16,18,17,13,14,9,16,13,17,3,3,9,3,7,4,3,3,1,1,0,1,0,1,0,0,0,0,0,0,0,0,0
8/13,3,6,6,21,25,27,72,90,102,119,113,146,149,106,98,87,91,67,74,70,46,77,55,23,43,58,43,54,45,36,45,37,30,37,47,31,29,30,35,17,28,24,17,12,9,12,6,7,13,7,2,0,1,1,0,0,0,0,0,0,0,0,0,0,0
8/14,2,9,4,20,33,41,69,91,125,118,148,147,155,90,100,97,81,72,79,78,51,64,45,37,50,60,31,36,51,49,29,31,37,49,43,31,23,27,36,18,25,27,29,12,8,9,4,0,6,5,2,0,1,4,0,2,1,0,0,0,0,0,0,0,0
8/15,2,2,9,18,30,30,57,59,91,70,96,117,115,69,69,71,50,36,51,57,42,51,35,19,27,62,16,38,33,43,24,22,30,27,32,32,9,20,28,17,21,12,19,11,11,7,3,1,4,4,3,0,1,3,0,1,0,0,0,0,0,0,0,0,0
8/16,2,8,10,17,27,40,78,109,116,124,127,163,162,121,115,132,82,67,105,86,53,72,62,41,50,64,53,47,41,69,45,22,39,46,32,32,31,26,26,21,20,20,28,18,11,14,7,4,2,4,5,0,5,0,0,1,0,0,0,0,0,0,0,0,0
8/17,4,8,12,22,26,45,66,109,132,141,123,137,159,128,109,139,95,81,97,80,80,78,50,55,43,66,45,53,49,52,37,32,38,29,27,46,22,19,35,23,20,21,32,8,12,9,11,3,1,7,3,3,0,3,0,2,2,0,0,0,0,0,0,0,0
8/18,0,1,7,16,21,24,55,55,86,64,91,93,107,57,67,79,40,43,59,46,34,30,34,24,28,54,26,10,37,32,15,15,17,22,14,21,16,19,23,15,7,12,15,9,3,5,5,0,2,3,4,0,1,0,0,1,0,0,0,0,0,0,0,0,0
8/19,0,10,10,11,15,32,51,55,78,86,111,93,122,68,62,61,55,52,41,51,32,30,29,13,29,41,16,24,30,15,25,10,13,16,21,16,24,12,6,26,5,17,13,13,5,3,2,0,5,7,3,1,0,3,1,0,0,0,0,0,0,1,0,0,0
8/20,0,6,11,23,19,49,83,123,127,121,125,119,133,96,88,93,76,73,95,76,60,71,49,28,41,48,36,25,43,33,49,27,36,40,37,37,19,24,25,25,16,8,19,8,4,7,8,3,5,5,3,1,0,0,0,1,0,0,0,0,0,0,0,0,0
8/21,0,3,10,17,21,41,102,91,123,136,129,118,168,119,99,97,69,81,83,80,57,74,56,31,60,89,28,36,50,26,38,21,41,37,37,38,23,21,36,20,13,9,29,20,7,10,10,5,7,2,4,5,0,2,0,0,0,1,0,0,0,0,0,0,0
8/22,0,5,11,26,22,46,83,93,120,136,151,145,181,134,126,125,104,86,109,80,80,104,64,60,40,81,49,38,50,65,49,40,55,43,36,53,36,39,46,27,38,17,33,20,12,15,15,8,7,5,8,3,0,4,0,0,1,3,0,0,0,0,0,0,0
8/23,2,5,13,22,22,54,80,95,157,158,114,141,180,144,112,137,108,102,117,84,86,92,77,41,54,73,54,45,69,71,50,31,45,47,36,42,35,30,31,21,16,22,34,10,9,17,18,8,9,4,7,2,1,1,0,0,0,2,0,0,0,0,0,0,0
8/24,0,9,11,22,17,36,77,91,143,132,146,123,158,118,104,133,91,74,102,91,72,83,58,54,49,69,50,51,40,51,48,31,44,59,42,44,34,42,33,32,31,19,23,18,17,12,12,6,9,5,5,2,0,3,0,0,4,3,0,0,0,0,0,0,0
8/25,0,1,20,14,16,28,62,73,88,118,85,81,135,71,72,77,82,53,59,52,43,40,46,44,41,34,29,19,29,27,25,18,14,30,31,22,24,14,27,18,18,25,17,16,10,7,5,4,8,6,1,0,0,3,0,0,0,0,0,0,0,0,0,0,0
8/26,0,5,13,17,14,27,69,92,95,100,95,60,129,97,81,64,54,62,57,44,22,22,38,32,25,37,19,28,32,22,32,18,9,26,11,20,14,17,21,22,12,7,11,3,4,1,4,2,8,5,5,1,0,1,0,0,0,0,0,0,0,0,0,0,0
8/27,0,12,11,16,12,29,74,82,110,111,125,114,130,107,81,98,74,62,62,82,53,68,47,47,53,58,33,45,44,24,32,26,31,45,37,24,22,27,18,21,22,21,24,12,6,10,3,10,6,5,7,3,0,4,0,0,0,0,0,0,0,0,0,0,0
8/28,0,5,9,20,20,24,59,72,100,98,97,89,106,80,61,71,47,49,49,48,35,52,34,24,35,35,29,30,36,16,25,20,29,22,13,24,14,22,16,9,7,12,21,16,14,11,4,3,4,6,2,1,1,2,0,0,0,0,0,0,0,0,0,0,0
8/29,4,11,12,24,16,38,82,99,150,154,114,144,181,151,122,135,93,83,98,89,82,89,66,72,61,83,43,67,50,47,54,44,45,50,39,51,42,38,41,38,35,26,27,16,17,20,6,11,14,7,4,2,0,0,0,0,0,0,0,0,0,0,0,0,0
8/30,0,6,16,20,20,28,84,97,167,153,131,158,190,140,131,129,88,80,88,88,72,87,67,55,64,83,50,72,52,70,40,38,48,57,41,49,58,37,40,31,21,22,30,23,12,21,11,16,6,6,8,3,0,6,0,0,0,0,0,0,0,0,0,0,0
8/31,3,12,18,28,23,32,80,133,132,150,141,139,160,113,120,121,90,91,78,88,63,78,58,52,53,72,53,70,49,54,45,31,40,38,28,51,48,23,45,18,29,14,35,23,7,19,6,11,9,10,0,1,1,3,1,1,4,0,0,0,0,0,0,0,0
9/1,2,9,12,30,15,22,35,41,59,69,74,53,76,59,47,44,36,19,27,22,15,19,10,22,18,21,6,3,8,4,12,1,3,5,14,5,10,5,10,4,4,1,7,4,2,3,3,0,3,9,0,0,0,6,0,0,0,0,0,0,0,0,0,0,0
9/2,0,6,17,21,19,29,53,49,84,80,77,74,112,83,84,64,56,43,49,43,41,30,26,30,19,29,29,25,14,18,22,10,14,13,10,13,20,11,8,12,5,5,8,16,1,3,3,1,0,6,0,0,0,4,0,0,0,4,0,0,0,1,0,0,0
9/3,0,14,9,16,24,34,75,63,86,93,81,94,98,82,58,62,38,31,32,43,20,26,27,26,20,29,19,18,8,8,11,8,22,36,2,8,10,18,12,5,0,1,4,6,0,14,0,0,3,5,2,0,0,2,0,0,0,0,0,0,0,0,0,0,0
9/4,0,7,14,22,32,26,52,67,71,64,84,87,82,80,71,86,47,37,49,42,34,41,20,22,34,29,19,30,25,23,15,14,17,21,27,10,11,10,18,18,12,12,14,9,7,2,5,1,8,0,3,1,0,2,0,0,0,0,0,0,0,0,0,0,0
9/5,0,8,22,27,41,37,65,80,103,107,107,116,112,106,65,110,50,55,59,58,38,48,33,29,47,24,33,33,26,19,31,22,29,38,37,21,32,24,25,18,15,13,20,18,5,8,6,3,4,3,2,1,4,3,0,0,0,0,0,0,0,0,0,0,0
9/6,1,13,13,33,53,58,92,102,131,127,132,124,119,126,95,114,72,54,84,68,65,87,66,40,69,55,42,60,47,49,43,36,44,40,55,41,30,28,32,26,22,17,38,17,14,15,8,7,12,7,0,2,0,1,0,0,0,0,0,0,0,0,0,0,0
9/7,1,14,27,28,45,38,59,89,107,117,104,119,129,119,86,107,66,47,79,53,49,75,45,40,48,71,34,57,42,49,39,21,48,36,47,29,33,32,28,13,23,16,30,29,6,14,12,7,7,4,1,2,1,2,0,0,3,0,0,0,0,0,0,0,0
9/8,1,4,10,23,40,38,60,91,99,80,100,80,73,86,69,54,32,37,53,34,27,31,37,19,21,45,12,18,19,21,17,9,15,12,23,16,19,23,13,8,5,2,7,4,4,8,6,1,4,9,5,1,0,2,0,1,0,0,0,0,0,0,0,0,0
9/9,0,1,18,40,52,47,65,86,105,107,99,125,112,102,88,84,56,44,58,39,47,56,34,31,22,49,28,29,19,42,29,17,19,31,10,32,19,27,12,14,11,13,9,7,6,3,8,4,9,7,5,1,0,3,0,0,0,0,0,0,0,1,0,1,0
9/10,3,14,23,50,60,47,102,96,132,140,121,113,114,143,85,111,99,60,86,70,59,77,43,44,64,63,44,47,47,44,42,31,47,31,41,36,36,35,36,32,22,19,30,27,4,13,9,9,8,7,3,1,0,0,0,1,0,0,0,0,0,0,0,2,0
9/11,2,14,32,45,72,68,102,109,147,170,165,147,143,141,128,113,103,78,94,82,63,66,68,50,51,64,53,49,44,41,46,39,40,52,47,46,35,30,25,40,32,24,24,18,6,23,4,12,9,7,1,3,1,2,0,0,0,0,0,0,0,0,0,1,0
9/12,2,16,27,45,75,59,100,127,149,161,168,165,181,166,127,138,100,92,104,93,85,77,65,56,69,86,53,73,59,72,51,41,60,63,52,63,49,39,48,37,34,11,32,25,12,29,16,9,10,6,7,1,2,2,0,0,1,2,0,0,0,0,0,0,0
9/13,1,15,28,56,56,72,100,142,138,152,180,146,185,161,126,138,127,108,109,83,76,75,84,41,60,74,46,67,64,57,56,36,67,75,64,50,46,40,48,29,39,27,35,26,14,28,14,5,7,8,2,2,0,2,0,3,0,0,0,0,0,0,0,0,0
9/14,2,21,30,77,63,78,107,131,159,169,160,165,182,150,131,149,98,79,113,90,80,104,62,43,81,93,39,82,67,47,56,39,43,75,55,58,50,41,41,38,26,28,27,23,7,25,13,7,8,8,4,3,0,4,0,2,0,0,0,0,0,0,0,0,0
9/15,4,4,26,58,58,60,69,109,113,130,135,135,138,107,87,84,60,34,69,54,43,44,56,23,42,39,18,28,34,30,29,22,38,32,28,31,34,18,23,17,13,1,22,14,12,6,4,4,11,7,6,0,0,4,1,0,2,0,0,0,0,0,0,0,0
9/16,0,11,29,54,56,54,78,100,93,142,119,99,150,111,75,96,77,71,64,59,52,48,39,37,32,41,25,26,28,40,33,13,25,40,26,16,26,18,15,25,18,13,14,12,3,5,4,1,3,5,4,2,1,2,0,0,2,0,0,0,0,1,0,0,0
9/17,2,10,23,53,58,67,94,122,110,143,150,133,154,117,116,116,87,62,89,64,63,66,57,49,64,63,39,37,45,39,44,29,44,39,45,31,36,30,25,29,33,18,26,15,8,17,3,10,16,2,0,2,0,1,1,1,0,0,0,0,0,0,0,0,0
9/18,1,7,23,53,62,69,92,115,122,141,164,128,142,128,80,100,62,58,79,65,45,71,42,48,61,52,37,39,45,49,38,22,32,39,42,32,33,37,37,18,21,20,25,10,5,14,3,4,15,4,3,0,0,0,0,2,0,0,0,0,0,0,0,0,0
9/19,1,19,30,58,78,78,96,121,128,152,179,171,180,164,118,127,104,95,103,88,81,85,60,59,76,74,49,59,66,80,56,31,44,65,66,48,43,39,56,17,47,31,23,22,14,21,9,5,18,6,4,2,0,5,0,0,2,0,0,0,0,0,0,1,0
9/20,0,19,33,74,68,78,113,100,158,185,161,138,162,159,101,151,89,96,108,83,76,103,65,56,69,68,53,52,68,60,62,32,56,72,52,42,42,41,43,21,35,13,27,24,10,20,10,9,14,7,4,0,2,2,0,0,0,0,0,0,0,0,0,0,0
9/21,2,22,31,59,59,66,106,142,151,185,142,143,167,168,148,129,101,101,114,90,66,92,87,65,72,84,41,60,68,73,56,30,45,72,44,35,53,47,60,27,28,22,25,23,10,15,11,14,6,12,5,3,0,4,0,0,2,1,0,0,0,0,0,0,0
9/22,3,14,37,76,64,76,88,96,130,151,108,114,120,92,74,70,47,54,71,35,53,62,45,27,27,49,31,23,23,34,16,20,29,27,25,21,20,22,29,16,14,9,8,18,7,8,5,5,7,13,5,1,1,1,0,0,0,0,0,0,0,1,0,0,0
9/23,0,14,37,57,65,61,70,78,95,137,97,96,100,107,78,66,50,39,54,41,36,46,33,31,20,41,31,25,25,27,29,18,29,31,15,21,20,8,25,25,10,9,10,13,3,8,4,3,6,7,2,0,0,6,0,0,0,0,0,0,0,1,0,0,0
9/24,1,22,20,86,61,76,99,109,119,168,151,124,143,165,94,114,91,75,84,87,53,75,56,58,59,84,35,39,42,67,52,30,38,54,33,28,39,41,39,33,25,24,25,18,6,11,5,8,12,4,2,2,0,1,1,0,1,0,0,0,0,0,0,0,0
9/25,1,13,24,78,51,61,95,114,127,166,152,165,173,150,113,115,64,75,94,94,54,88,56,42,61,73,48,50,52,47,46,26,39,56,47,34,43,51,51,36,23,13,27,24,8,18,6,8,17,4,0,3,0,1,0,0,0,0,0,0,0,0,0,0,0
9/26,2,23,44,92,76,79,117,131,125,160,180,128,181,154,136,124,108,87,97,97,58,94,65,65,76,73,56,54,58,66,55,36,50,63,44,44,45,40,46,28,28,14,45,19,10,22,9,10,9,4,5,1,0,6,0,1,0,0,0,0,0,0,0,0,0
9/27,1,21,29,76,62,94,133,143,144,185,178,161,185,177,123,126,105,92,101,116,104,110,73,50,80,104,61,73,53,79,65,51,59,84,66,48,56,49,62,34,45,28,39,19,19,29,21,15,14,8,2,2,0,1,0,0,1,0,0,0,0,0,0,0,0
9/28,1,7,22,50,54,51,73,77,86,104,76,81,95,82,71,74,64,65,60,56,49,56,48,40,44,54,19,17,42,52,45,25,38,39,27,23,33,26,35,16,13,19,16,6,12,8,5,8,8,3,3,1,2,2,0,0,1,0,0,0,0,0,0,0,0
9/29,1,13,26,62,57,60,92,82,103,113,106,107,105,97,62,57,47,38,49,40,39,41,24,29,25,33,23,21,15,31,18,13,23,30,21,24,20,17,20,12,8,5,10,14,4,6,2,5,5,5,2,0,0,2,0,0,0,0,0,0,0,0,0,0,0
9/30,0,15,38,48,62,56,90,66,90,88,132,117,97,78,49,47,41,50,50,53,47,42,38,22,29,39,18,16,17,30,27,18,30,38,12,25,35,20,14,14,7,11,16,8,4,5,6,2,3,5,4,0,0,2,1,0,1,0,0,0,0,0,0,0,0
10/1,0,0,2,13,22,15,21,18,27,36,20,17,30,26,20,14,12,8,21,9,3,13,9,4,4,14,4,2,6,3,0,2,1,10,3,3,5,6,1,3,1,0,3,3,0,2,0,0,1,0,0,0,0,0,0,0,0,0,0,0,0,0,0,0,0
10/2,0,0,0,7,17,13,23,17,15,34,28,28,32,37,19,24,9,21,13,9,7,12,7,8,5,21,1,4,4,2,0,6,1,4,0,4,10,0,4,8,1,2,2,0,0,0,0,0,3,2,0,1,0,0,0,0,0,0,0,0,0,0,0,0,0
10/3,0,0,3,13,23,27,21,26,32,41,31,29,35,31,30,23,17,17,27,24,36,24,20,19,16,31,18,22,29,20,25,6,16,25,7,15,14,12,14,9,11,2,7,9,6,9,4,1,1,0,3,1,0,0,0,0,0,0,0,0,0,0,0,0,0
10/4,0,0,5,8,22,27,19,17,30,35,28,38,34,38,30,30,20,13,26,28,26,22,23,11,11,19,14,6,18,23,19,12,6,19,13,9,17,7,15,15,4,5,6,2,3,6,6,1,4,2,3,0,1,0,0,2,0,0,0,0,0,0,0,0,0
10/5,0,0,4,12,21,27,31,28,36,38,36,34,43,46,35,46,30,22,33,35,25,30,21,25,23,26,11,24,23,30,20,19,16,21,14,9,17,14,22,13,11,10,13,4,6,10,9,6,8,2,5,0,1,2,0,1,0,0,0,0,0,0,0,0,0
10/6,0,3,4,10,20,30,20,27,33,43,41,35,49,40,37,40,24,16,37,35,34,32,22,11,22,24,17,18,31,32,27,14,15,28,17,19,20,15,16,14,11,6,16,2,0,8,2,6,6,3,3,0,0,2,0,2,0,0,0,0,0,0,0,0,0
10/7,0,0,4,7,21,34,23,27,35,44,42,32,64,32,41,33,32,24,34,20,41,32,25,16,22,42,17,24,23,30,31,19,21,32,11,25,19,9,11,10,8,17,13,18,2,9,6,3,10,6,2,0,0,2,0,0,0,0,0,0,0,0,0,0,0
10/8,0,0,1,7,12,17,16,23,37,41,25,33,40,21,29,19,17,20,21,19,6,14,6,7,5,7,3,12,7,6,8,10,1,13,1,5,4,3,2,8,1,0,8,6,1,2,6,0,2,4,0,0,1,0,0,4,0,0,0,0,0,0,0,0,0
10/9,0,0,3,8,14,14,30,18,21,33,27,29,26,27,20,14,11,29,24,18,11,12,13,12,14,9,8,8,4,4,0,3,1,11,0,3,6,2,14,5,0,3,0,12,0,2,8,0,2,2,1,1,0,0,0,0,0,0,0,0,0,0,0,0,0
10/10,0,1,1,13,19,16,30,29,33,50,37,27,35,32,28,38,19,35,17,26,18,30,13,21,14,30,12,14,6,7,6,10,12,20,4,9,16,14,3,11,9,2,11,2,1,0,1,0,2,6,2,0,0,0,0,0,0,0,0,0,0,0,0,0,0
10/11,0,1,9,12,28,40,39,28,41,63,49,39,50,46,40,46,38,30,35,29,35,34,33,20,37,23,26,23,21,27,22,12,21,33,19,22,15,14,22,20,10,7,7,6,1,5,6,4,9,3,6,7,3,0,0,0,0,0,0,0,0,0,0,0,0
10/12,0,0,10,18,22,37,25,35,35,52,42,38,50,37,39,40,27,26,24,36,24,35,24,30,26,37,9,27,21,34,16,17,23,29,11,13,16,10,14,10,13,7,13,16,12,6,7,6,7,3,7,0,2,1,0,0,0,0,0,0,0,0,0,0,0
10/13,0,0,4,14,10,27,22,8,18,24,29,17,28,14,11,17,17,14,13,10,11,12,8,13,9,12,8,8,10,13,7,7,14,8,9,4,7,4,5,5,4,2,4,4,2,1,3,3,0,0,2,0,1,0,0,1,0,0,0,0,0,0,0,0,0
10/14,0,1,1,15,20,19,21,13,18,30,38,13,28,20,19,20,15,7,16,10,15,10,10,13,12,8,11,9,14,22,10,6,17,21,15,5,7,5,1,2,8,3,10,10,4,2,2,5,2,0,5,0,0,0,0,0,0,0,0,0,0,0,0,0,0
10/15,0,0,10,8,20,20,32,8,19,47,34,24,26,37,26,25,18,15,19,10,13,5,0,10,7,13,8,12,3,7,2,8,8,5,4,11,4,4,11,1,1,2,2,2,2,3,0,0,0,0,0,1,0,0,0,0,0,0,0,0,0,0,0,0,0
10/16,0,0,2,7,14,28,25,19,27,43,42,31,18,34,28,31,19,16,20,18,7,8,9,6,7,6,1,5,2,7,4,8,4,10,1,2,11,2,13,7,5,1,3,3,0,2,3,0,0,2,0,1,0,0,0,0,0,0,0,0,0,0,0,0,0
10/17,0,2,6,14,26,36,25,21,33,50,47,32,49,40,33,38,36,20,31,35,34,27,24,22,27,28,16,31,30,34,21,18,16,24,8,16,18,15,21,16,17,5,11,7,5,6,7,4,1,6,2,0,1,1,0,0,0,1,0,0,0,0,0,0,0
10/18,0,2,9,13,22,44,36,18,27,49,49,32,59,43,37,55,36,22,45,30,34,22,33,19,26,28,27,43,26,37,21,14,29,27,9,14,11,14,6,7,11,4,6,9,6,9,7,3,3,1,1,0,0,2,0,0,0,0,0,0,0,0,0,0,0
10/19,0,0,3,3,6,16,8,9,10,17,13,9,25,8,14,13,16,2,12,10,12,11,8,11,8,9,5,3,9,14,10,3,12,8,6,9,4,4,3,1,5,1,8,3,3,3,1,1,1,0,1,0,0,0,0,0,0,0,0,0,0,0,0,0,0
10/20,0,3,9,15,22,27,37,24,25,55,47,35,41,34,28,45,27,14,45,23,22,25,17,17,20,31,19,10,26,36,17,11,18,21,15,14,8,20,17,6,9,3,8,7,9,4,3,3,2,2,4,0,0,0,0,2,0,0,0,0,0,0,0,0,0
10/21,0,2,15,9,26,33,31,30,33,36,46,27,55,28,35,45,36,28,37,44,29,27,31,18,22,31,11,19,21,26,24,14,28,31,7,20,21,19,12,10,15,5,7,11,3,8,9,4,9,1,2,0,0,0,1,0,0,0,0,0,0,0,0,0,0
10/22,0,0,7,3,21,34,27,21,17,31,41,26,33,27,19,30,18,20,21,30,15,14,9,9,10,10,8,5,6,3,4,2,5,15,5,7,11,7,6,0,4,2,4,6,1,2,6,0,0,3,1,0,2,0,0,0,0,0,0,0,0,0,0,0,0
10/23,0,0,3,1,18,26,28,25,27,22,27,23,31,20,14,20,27,16,10,21,9,14,11,7,13,5,2,3,6,8,7,4,5,5,2,1,2,4,4,3,2,1,2,6,0,3,7,1,0,2,0,1,0,0,0,0,0,0,0,0,0,0,0,0,0
10/24,0,2,8,10,22,41,35,14,45,43,34,38,53,27,29,58,39,14,37,32,31,18,27,15,23,18,12,20,15,27,18,8,18,31,6,16,16,8,24,6,11,5,7,5,6,6,7,5,3,0,2,0,0,1,0,0,0,0,0,0,0,0,0,0,0
10/25,0,2,16,11,18,32,31,15,22,44,39,27,47,43,36,45,38,23,50,35,40,27,19,20,28,20,16,30,21,26,22,12,22,32,10,15,10,13,17,16,15,5,6,9,3,4,4,6,1,1,4,0,1,1,0,0,0,0,0,0,0,0,0,0,0
10/26,0,0,3,6,22,24,28,17,27,35,22,25,35,27,25,43,20,16,30,18,17,14,17,13,23,14,11,20,13,19,14,6,18,11,8,7,9,11,11,5,7,2,1,4,3,7,5,4,0,3,3,0,0,0,0,0,0,1,0,0,0,0,0,0,0
10/27,0,0,2,2,1,14,10,4,3,15,8,3,12,8,8,6,6,0,8,4,6,1,2,3,6,2,1,1,8,4,5,2,6,3,4,5,2,1,2,1,3,0,1,0,1,0,0,0,0,0,0,0,0,0,0,0,0,0,0,0,0,0,0,0,0
10/28,0,0,7,12,21,28,21,32,23,43,34,20,34,30,33,43,25,6,28,21,19,22,17,20,17,26,17,25,20,15,11,6,17,17,4,9,10,8,8,9,8,0,10,6,0,5,4,5,2,1,6,0,0,0,0,0,0,2,0,0,0,0,0,0,0
10/29,0,0,0,3,3,5,8,6,6,12,11,5,10,10,5,6,6,3,3,25,1,3,1,0,1,4,1,5,2,2,0,0,2,1,0,2,2,2,2,0,2,1,1,1,1,0,1,0,0,1,0,0,0,0,0,0,0,0,0,0,0,0,0,0,0
10/30,0,0,3,1,7,6,7,3,2,16,9,8,11,8,4,4,3,2,5,3,3,4,3,1,5,0,0,4,0,0,1,1,4,1,0,0,2,0,0,0,4,0,0,5,0,0,2,0,0,0,0,0,0,0,0,0,0,0,0,0,0,0,0,0,0
10/31,0,0,7,8,8,24,27,17,29,43,33,19,38,31,21,38,23,6,27,17,17,22,26,17,18,27,12,17,15,27,25,9,14,11,17,22,10,10,10,2,9,7,6,6,3,9,2,4,4,2,5,0,2,0,0,0,0,0,0,0,0,0,0,0,0
11/1,0,0,3,10,18,21,26,31,31,50,34,27,42,31,27,37,27,16,42,27,24,19,13,15,15,22,10,23,24,26,19,11,24,22,9,14,15,16,9,2,8,4,3,7,3,4,1,8,5,2,2,0,0,0,0,0,0,0,0,0,0,0,0,0,0
11/2,0,0,7,6,19,22,27,13,31,35,32,44,36,25,31,32,31,19,37,28,16,18,22,21,15,18,10,21,19,23,15,13,20,35,7,16,15,14,9,7,12,9,11,12,4,3,6,4,6,1,2,0,7,0,2,0,0,0,0,0,0,0,0,0,0
11/3,0,2,4,8,19,22,37,25,36,47,34,29,46,18,28,38,29,22,32,22,28,28,18,25,13,19,16,20,33,31,17,19,21,16,14,15,12,17,9,6,8,3,13,4,6,6,4,7,4,0,5,0,0,0,0,1,0,0,0,0,0,0,0,0,0
11/4,0,0,10,14,17,26,31,22,39,50,32,26,34,24,19,39,27,13,33,28,22,17,24,22,10,20,15,20,24,25,16,13,9,25,14,15,7,8,10,13,9,2,6,8,4,7,5,1,2,0,5,0,0,0,0,0,0,0,0,0,0,0,0,0,0
11/5,0,0,2,6,14,11,20,9,24,21,24,12,33,11,12,19,14,1,12,4,9,3,0,1,1,6,10,3,3,3,1,4,6,15,0,5,8,6,4,5,4,3,3,2,0,1,2,0,0,0,3,0,0,0,0,0,0,0,0,0,0,0,0,0,0
11/6,0,0,2,7,12,18,19,11,18,27,8,8,22,14,16,26,11,15,6,9,5,2,5,3,1,7,1,9,3,15,7,2,0,5,0,5,4,4,4,10,0,0,0,0,0,1,0,0,2,0,0,0,0,0,0,0,0,0,0,0,0,0,0,0,0
11/7,0,0,4,12,23,28,32,25,50,47,37,21,47,24,26,42,29,21,28,19,26,22,17,19,19,28,16,18,22,27,17,12,15,30,10,19,12,12,13,13,14,5,12,2,7,8,6,7,6,1,3,0,0,0,0,0,0,0,0,0,0,0,0,0,0
11/8,0,1,7,4,20,37,32,26,42,46,39,23,49,32,32,48,41,19,45,35,33,16,25,27,24,31,12,20,33,22,16,12,25,29,12,13,9,14,8,14,13,5,8,10,3,2,11,5,5,1,2,0,2,0,0,0,0,0,0,0,0,0,0,0,0
11/9,0,0,3,5,28,41,29,26,47,56,45,36,63,40,33,62,37,27,34,31,25,20,17,32,29,27,18,26,23,28,21,15,19,27,8,13,17,16,17,10,12,7,7,8,5,6,7,10,7,4,3,1,1,1,0,0,1,0,0,0,0,0,0,0,0
11/10,0,0,3,4,12,21,17,14,16,28,27,12,39,15,12,25,25,4,27,9,14,10,7,7,14,10,11,5,15,17,11,5,9,16,5,9,8,2,9,5,9,0,3,4,1,4,0,3,4,2,2,0,1,0,0,0,0,0,0,0,0,0,0,0,0
11/11,0,1,4,7,18,26,20,21,28,40,27,31,52,31,18,34,32,25,35,19,19,16,17,11,8,17,13,10,12,10,9,8,16,16,1,12,13,8,10,8,7,3,2,2,1,3,0,7,2,4,0,0,1,0,0,0,0,0,0,0,0,0,0,0,0
11/12,0,0,1,3,9,15,17,15,15,34,20,21,24,21,12,16,10,13,10,6,9,5,9,5,4,6,9,2,2,3,3,3,6,4,2,4,1,3,2,11,2,3,3,4,2,1,0,0,0,6,0,0,0,0,0,0,0,0,0,0,0,0,0,0,0
11/13,0,0,1,7,15,14,15,21,17,23,24,26,30,17,10,14,10,9,7,6,8,4,9,7,9,5,2,10,0,4,7,1,1,8,1,0,7,0,4,2,2,0,0,5,0,0,3,0,3,2,0,0,1,0,0,0,0,0,0,0,0,0,0,1,0
11/14,0,2,4,8,28,18,27,22,35,37,41,30,42,35,27,39,33,22,35,24,17,19,13,25,17,24,13,20,24,27,18,13,12,29,9,22,9,13,14,9,11,2,16,11,5,7,7,6,2,2,3,0,2,0,0,1,0,0,0,0,0,0,0,0,0
11/15,0,1,5,4,31,30,33,20,33,56,47,29,57,31,25,39,32,18,36,29,33,28,21,18,23,28,16,19,28,24,15,15,23,31,11,22,21,16,11,8,13,4,11,11,6,6,2,4,6,2,2,0,4,1,0,0,0,0,0,0,0,0,0,0,0
11/16,0,0,3,3,13,21,17,16,11,21,17,12,24,12,12,29,24,4,19,9,19,11,13,18,12,15,14,8,22,19,7,2,13,11,9,15,12,4,8,7,7,4,2,5,1,3,3,3,3,3,2,0,0,0,0,0,0,0,0,0,0,0,0,0,0
11/17,0,0,7,5,15,11,16,15,19,29,28,27,29,19,18,29,25,6,27,14,22,19,15,19,11,19,9,5,18,25,11,8,11,14,7,12,9,7,6,5,8,1,6,7,8,4,1,1,2,2,5,0,0,1,0,0,0,0,0,0,0,0,0,0,0
11/18,0,0,14,5,13,28,24,16,25,33,26,30,29,23,18,43,25,13,25,22,18,16,14,12,16,27,16,12,23,21,10,8,20,23,9,15,13,5,14,6,9,2,5,14,1,7,5,2,3,3,3,0,0,0,0,0,0,0,0,0,0,0,0,0,0
11/19,0,0,3,4,19,19,14,16,11,35,22,12,19,17,11,16,14,14,14,8,9,5,4,10,1,8,2,6,4,3,0,4,9,5,2,5,6,2,1,8,1,1,0,6,0,0,3,0,0,0,0,0,0,0,0,0,0,0,0,0,0,0,0,0,0
11/20,0,0,3,6,26,14,14,11,24,30,24,21,19,24,29,18,17,6,10,16,3,6,13,11,15,12,8,4,7,4,1,2,2,6,4,3,6,2,1,1,3,1,0,3,0,0,3,0,0,0,0,1,0,0,0,0,0,0,0,0,0,0,0,0,0
11/21,0,0,3,4,10,21,11,13,20,33,32,26,32,26,25,29,27,10,28,23,15,23,14,22,23,23,14,7,19,16,17,12,6,22,13,14,14,5,15,8,14,4,5,6,2,5,5,2,5,2,4,1,0,0,0,0,0,0,0,0,0,0,0,0,0
11/22,0,0,1,7,5,13,15,13,17,32,30,19,21,26,18,32,19,9,29,19,15,15,9,14,16,21,8,16,17,28,12,16,19,15,12,18,12,8,17,8,6,5,9,11,8,8,5,5,4,2,1,0,0,0,0,0,0,1,0,0,0,0,0,0,0
11/23,0,0,1,1,4,1,3,4,5,7,6,8,8,2,4,8,3,2,10,6,3,6,6,2,11,5,3,5,2,8,5,1,4,6,0,1,2,0,0,1,1,0,5,5,0,2,2,0,1,0,2,0,0,0,0,0,0,0,0,0,0,0,0,0,0
11/24,0,0,0,0,0,1,0,0,3,2,3,5,6,3,0,0,0,1,3,4,0,2,3,0,1,2,4,1,2,0,0,0,1,0,0,0,4,2,0,2,0,0,0,5,0,0,4,0,0,0,0,0,0,0,0,0,0,0,0,0,0,0,0,0,0
11/25,0,0,0,1,1,0,4,0,11,8,9,5,11,4,7,7,11,4,6,10,4,7,5,6,8,4,5,4,1,2,4,2,6,5,3,2,4,3,5,0,2,0,1,0,0,0,0,2,0,0,0,0,0,0,0,0,0,3,0,0,0,0,0,0,0
11/26,0,6,0,1,3,0,2,3,6,10,17,14,7,9,7,6,6,3,4,8,1,4,8,2,6,2,8,8,0,11,2,2,3,0,6,1,5,1,1,2,2,0,2,6,0,0,6,1,0,0,0,0,0,0,0,0,0,0,0,0,0,0,0,0,0
11/27,0,0,0,2,1,0,4,8,7,14,13,9,10,11,10,4,7,6,6,3,5,6,3,4,2,0,1,2,4,3,2,0,0,2,3,2,6,4,1,2,3,3,0,6,0,0,6,0,0,2,1,1,0,0,0,0,0,0,0,0,0,0,0,0,0
11/28,0,3,3,0,10,15,3,9,12,29,25,14,21,10,17,18,16,11,22,14,12,20,10,6,24,13,10,9,15,25,5,4,11,13,4,9,8,11,8,4,3,2,11,8,5,6,2,0,4,1,0,1,1,0,0,0,0,0,0,0,0,0,0,0,0
11/29,0,0,1,1,16,13,3,5,7,13,19,8,14,12,14,18,12,12,24,20,7,14,9,4,16,16,11,12,15,24,4,9,15,10,4,15,9,5,13,7,3,0,10,9,2,4,3,0,2,1,2,0,1,0,0,0,0,0,0,0,0,0,0,0,0
11/30,0,0,2,0,14,9,2,4,7,17,8,12,13,9,2,9,11,4,15,6,9,11,6,6,13,12,6,5,10,10,6,2,11,4,3,3,8,9,8,1,6,2,6,0,4,5,2,2,1,0,1,0,0,0,0,0,0,1,0,0,0,0,0,0,0
12/1,0,0,0,0,0,0,0,0,0,0,0,0,0,0,0,0,0,0,0,0,0,0,0,0,0,0,0,0,0,0,0,0,0,0,0,0,0,0,0,0,0,0,0,0,0,0,0,0,0,0,0,0,0,0,0,0,0,0,0,0,0,0,0,0,0
12/2,0,0,0,0,0,0,0,0,0,0,0,0,0,0,0,0,0,0,0,0,0,0,0,0,0,0,0,0,0,0,0,0,0,0,0,0,0,0,0,0,0,0,0,0,0,0,0,0,0,0,0,0,0,0,0,0,0,0,0,0,0,0,0,0,0
12/3,0,0,0,0,0,0,0,0,0,0,0,0,0,0,0,0,0,0,0,0,0,0,0,0,0,0,0,0,0,0,0,0,0,0,0,0,0,0,0,0,0,0,0,0,0,0,0,0,0,0,0,0,0,0,0,0,0,0,0,0,0,0,0,0,0
12/4,0,0,0,0,0,0,0,0,0,0,0,0,0,0,0,0,0,0,0,0,0,0,0,0,0,0,0,0,0,0,0,0,0,0,0,0,0,0,0,0,0,0,0,0,0,0,0,0,0,0,0,0,0,0,0,0,0,0,0,0,0,0,0,0,0
12/5,0,0,0,0,0,0,0,0,0,0,0,0,0,0,0,0,0,0,0,0,0,0,0,0,0,0,0,0,0,0,0,0,0,0,0,0,0,0,0,0,0,0,0,0,0,0,0,0,0,0,0,0,0,0,0,0,0,0,0,0,0,0,0,0,0
12/6,0,0,0,0,0,0,0,0,0,0,0,0,0,0,0,0,0,0,0,0,0,0,0,0,0,0,0,0,0,0,0,0,0,0,0,0,0,0,0,0,0,0,0,0,0,0,0,0,0,0,0,0,0,0,0,0,0,0,0,0,0,0,0,0,0
12/7,0,0,0,0,0,0,0,0,0,0,0,0,0,0,0,0,0,0,0,0,0,0,0,0,0,0,0,0,0,0,0,0,0,0,0,0,0,0,0,0,0,0,0,0,0,0,0,0,0,0,0,0,0,0,0,0,0,0,0,0,0,0,0,0,0
12/8,0,0,0,0,0,0,0,0,0,0,0,0,0,0,0,0,0,0,0,0,0,0,0,0,0,0,0,0,0,0,0,0,0,0,0,0,0,0,0,0,0,0,0,0,0,0,0,0,0,0,0,0,0,0,0,0,0,0,0,0,0,0,0,0,0
12/9,0,0,0,0,0,0,0,0,0,0,0,0,0,0,0,0,0,0,0,0,0,0,0,0,0,0,0,0,0,0,0,0,0,0,0,0,0,0,0,0,0,0,0,0,0,0,0,0,0,0,0,0,0,0,0,0,0,0,0,0,0,0,0,0,0
12/10,0,0,0,0,0,0,0,0,0,0,0,0,0,0,0,0,0,0,0,0,0,0,0,0,0,0,0,0,0,0,0,0,0,0,0,0,0,0,0,0,0,0,0,0,0,0,0,0,0,0,0,0,0,0,0,0,0,0,0,0,0,0,0,0,0
12/11,0,0,0,0,0,0,0,0,0,0,0,0,0,0,0,0,0,0,0,0,0,0,0,0,0,0,0,0,0,0,0,0,0,0,0,0,0,0,0,0,0,0,0,0,0,0,0,0,0,0,0,0,0,0,0,0,0,0,0,0,0,0,0,0,0
12/12,0,0,0,0,0,0,0,0,0,0,0,0,0,0,0,0,0,0,0,0,0,0,0,0,0,0,0,0,0,0,0,0,0,0,0,0,0,0,0,0,0,0,0,0,0,0,0,0,0,0,0,0,0,0,0,0,0,0,0,0,0,0,0,0,0
12/13,0,0,0,0,0,0,0,0,0,0,0,0,0,0,0,0,0,0,0,0,0,0,0,0,0,0,0,0,0,0,0,0,0,0,0,0,0,0,0,0,0,0,0,0,0,0,0,0,0,0,0,0,0,0,0,0,0,0,0,0,0,0,0,0,0
12/14,0,0,0,0,0,0,0,0,0,0,0,0,0,0,0,0,0,0,0,0,0,0,0,0,0,0,0,0,0,0,0,0,0,0,0,0,0,0,0,0,0,0,0,0,0,0,0,0,0,0,0,0,0,0,0,0,0,0,0,0,0,0,0,0,0
12/15,0,0,0,0,0,0,0,0,0,0,0,0,0,0,0,0,0,0,0,0,0,0,0,0,0,0,0,0,0,0,0,0,0,0,0,0,0,0,0,0,0,0,0,0,0,0,0,0,0,0,0,0,0,0,0,0,0,0,0,0,0,0,0,0,0
12/16,0,0,0,0,0,0,0,0,0,0,0,0,0,0,0,0,0,0,0,0,0,0,0,0,0,0,0,0,0,0,0,0,0,0,0,0,0,0,0,0,0,0,0,0,0,0,0,0,0,0,0,0,0,0,0,0,0,0,0,0,0,0,0,0,0
12/17,0,0,0,0,0,0,0,0,0,0,0,0,0,0,0,0,0,0,0,0,0,0,0,0,0,0,0,0,0,0,0,0,0,0,0,0,0,0,0,0,0,0,0,0,0,0,0,0,0,0,0,0,0,0,0,0,0,0,0,0,0,0,0,0,0
12/18,0,0,0,0,0,0,0,0,0,0,0,0,0,0,0,0,0,0,0,0,0,0,0,0,0,0,0,0,0,0,0,0,0,0,0,0,0,0,0,0,0,0,0,0,0,0,0,0,0,0,0,0,0,0,0,0,0,0,0,0,0,0,0,0,0
12/19,0,0,0,0,0,0,0,0,0,0,0,0,0,0,0,0,0,0,0,0,0,0,0,0,0,0,0,0,0,0,0,0,0,0,0,0,0,0,0,0,0,0,0,0,0,0,0,0,0,0,0,0,0,0,0,0,0,0,0,0,0,0,0,0,0
12/20,0,0,0,0,0,0,0,0,0,0,0,0,0,0,0,0,0,0,0,0,0,0,0,0,0,0,0,0,0,0,0,0,0,0,0,0,0,0,0,0,0,0,0,0,0,0,0,0,0,0,0,0,0,0,0,0,0,0,0,0,0,0,0,0,0
12/21,0,0,0,0,0,0,0,0,0,0,0,0,0,0,0,0,0,0,0,0,0,0,0,0,0,0,0,0,0,0,0,0,0,0,0,0,0,0,0,0,0,0,0,0,0,0,0,0,0,0,0,0,0,0,0,0,0,0,0,0,0,0,0,0,0
12/22,0,0,0,0,0,0,0,0,0,0,0,0,0,0,0,0,0,0,0,0,0,0,0,0,0,0,0,0,0,0,0,0,0,0,0,0,0,0,0,0,0,0,0,0,0,0,0,0,0,0,0,0,0,0,0,0,0,0,0,0,0,0,0,0,0
12/23,0,0,0,0,0,0,0,0,0,0,0,0,0,0,0,0,0,0,0,0,0,0,0,0,0,0,0,0,0,0,0,0,0,0,0,0,0,0,0,0,0,0,0,0,0,0,0,0,0,0,0,0,0,0,0,0,0,0,0,0,0,0,0,0,0
12/24,0,0,0,0,0,0,0,0,0,0,0,0,0,0,0,0,0,0,0,0,0,0,0,0,0,0,0,0,0,0,0,0,0,0,0,0,0,0,0,0,0,0,0,0,0,0,0,0,0,0,0,0,0,0,0,0,0,0,0,0,0,0,0,0,0
12/25,0,0,0,0,0,0,0,0,0,0,0,0,0,0,0,0,0,0,0,0,0,0,0,0,0,0,0,0,0,0,0,0,0,0,0,0,0,0,0,0,0,0,0,0,0,0,0,0,0,0,0,0,0,0,0,0,0,0,0,0,0,0,0,0,0
12/26,0,0,0,0,0,0,0,0,0,0,0,0,0,0,0,0,0,0,0,0,0,0,0,0,0,0,0,0,0,0,0,0,0,0,0,0,0,0,0,0,0,0,0,0,0,0,0,0,0,0,0,0,0,0,0,0,0,0,0,0,0,0,0,0,0
12/27,0,0,0,0,0,0,0,0,0,0,0,0,0,0,0,0,0,0,0,0,0,0,0,0,0,0,0,0,0,0,0,0,0,0,0,0,0,0,0,0,0,0,0,0,0,0,0,0,0,0,0,0,0,0,0,0,0,0,0,0,0,0,0,0,0
12/28,0,0,0,0,0,0,0,0,0,0,0,0,0,0,0,0,0,0,0,0,0,0,0,0,0,0,0,0,0,0,0,0,0,0,0,0,0,0,0,0,0,0,0,0,0,0,0,0,0,0,0,0,0,0,0,0,0,0,0,0,0,0,0,0,0
12/29,0,0,0,0,0,0,0,0,0,0,0,0,0,0,0,0,0,0,0,0,0,0,0,0,0,0,0,0,0,0,0,0,0,0,0,0,0,0,0,0,0,0,0,0,0,0,0,0,0,0,0,0,0,0,0,0,0,0,0,0,0,0,0,0,0
12/30,0,0,0,0,0,0,0,0,0,0,0,0,0,0,0,0,0,0,0,0,0,0,0,0,0,0,0,0,0,0,0,0,0,0,0,0,0,0,0,0,0,0,0,0,0,0,0,0,0,0,0,0,0,0,0,0,0,0,0,0,0,0,0,0,0
12/31,0,0,0,0,0,0,0,0,0,0,0,0,0,0,0,0,0,0,0,0,0,0,0,0,0,0,0,0,0,0,0,0,0,0,0,0,0,0,0,0,0,0,0,0,0,0,0,0,0,0,0,0,0,0,0,0,0,0,0,0,0,0,0,0,0
2/1,0,0,0,0,0,0,0,0,0,0,0,0,0,0,0,0,0,0,0,0,0,0,0,0,0,0,0,0,0,0,0,0,0,0,0,0,0,0,0,0,0,0,0,0,0,0,0,0,0,0,0,0,0,0,0,0,0,0,0,0,0,0,0,0,0
date,0,0,0,0,0,0,0,0,0,0,0,0,0,0,0,0,0,0,0,0,0,0,0,0,0,0,0,0,0,0,0,0,0,0,0,0,0,0,0,0,0,0,0,0,0,0,0,0,0,0,0,0,0,0,0,0,0,0,0,0,0,0,0,0,0